match_id,bookmaker,latest
201cf42decc8e184531c,1xBet,2026-09-09T05:15:27+00:00
201cf42decc8e184531c,888sport,2026-09-09T05:15:50+00:00
201cf42decc8e184531c,BetOnline.ag,2026-09-09T05:16:12+00:00
201cf42decc8e184531c,Betclic (FR),2026-09-09T05:11:40+00:00
201cf42decc8e184531c,Betfair,2026-09-09T05:15:50+00:00
201cf42decc8e184531c,Betsson,2026-09-09T05:15:28+00:00
201cf42decc8e184531c,Codere (IT),2026-09-09T05:15:28+00:00
201cf42decc8e184531c,Coolbet,2026-09-09T05:16:15+00:00
201cf42decc8e184531c,Everygame,2026-09-09T05:14:04+00:00
201cf42decc8e184531c,GTbets,2026-09-09T05:15:51+00:00
201cf42decc8e184531c,LeoVegas (SE),2026-09-09T05:15:29+00:00
201cf42decc8e184531c,Marathon Bet,2026-09-09T05:15:28+00:00
201cf42decc8e184531c,Matchbook,2026-09-09T05:16:15+00:00
201cf42decc8e184531c,Nordic Bet,2026-09-09T05:16:15+00:00
201cf42decc8e184531c,PMU (FR),2026-09-09T05:15:28+00:00
201cf42decc8e184531c,Pinnacle,2026-09-09T05:16:12+00:00
201cf42decc8e184531c,Suprabets,2026-09-09T05:14:38+00:00
201cf42decc8e184531c,Tipico,2026-09-09T05:16:14+00:00
201cf42decc8e184531c,Unibet (FR),2026-09-09T05:15:51+00:00
201cf42decc8e184531c,Unibet (NL),2026-09-09T05:16:13+00:00
201cf42decc8e184531c,Unibet (SE),2026-09-09T05:15:34+00:00
201cf42decc8e184531c,William Hill,2026-09-09T05:15:50+00:00
201cf42decc8e184531c,Winamax (DE),2026-09-09T05:15:53+00:00
201cf42decc8e184531c,Winamax (FR),2026-09-09T05:15:31+00:00
335e8e46aaf42895d127,1xBet,2026-09-09T05:15:27+00:00
335e8e46aaf42895d127,888sport,2026-09-09T05:15:50+00:00
335e8e46aaf42895d127,BetOnline.ag,2026-09-09T05:16:12+00:00
335e8e46aaf42895d127,Betclic (FR),2026-09-09T05:11:40+00:00
335e8e46aaf42895d127,Betfair,2026-09-09T05:15:51+00:00
335e8e46aaf42895d127,Betsson,2026-09-09T05:15:28+00:00
335e8e46aaf42895d127,Codere (IT),2026-09-09T05:15:28+00:00
335e8e46aaf42895d127,Coolbet,2026-09-09T05:16:15+00:00
335e8e46aaf42895d127,Everygame,2026-09-09T05:14:04+00:00
335e8e46aaf42895d127,GTbets,2026-09-09T05:15:51+00:00
335e8e46aaf42895d127,LeoVegas (SE),2026-09-09T05:15:29+00:00
335e8e46aaf42895d127,Marathon Bet,2026-09-09T05:15:28+00:00
335e8e46aaf42895d127,Matchbook,2026-09-09T05:16:15+00:00
335e8e46aaf42895d127,Nordic Bet,2026-09-09T05:16:15+00:00
335e8e46aaf42895d127,PMU (FR),2026-09-09T05:15:28+00:00
335e8e46aaf42895d127,Pinnacle,2026-09-09T05:16:12+00:00
335e8e46aaf42895d127,Suprabets,2026-09-09T05:14:38+00:00
335e8e46aaf42895d127,Tipico,2026-09-09T05:16:14+00:00
335e8e46aaf42895d127,Unibet (FR),2026-09-09T05:15:51+00:00
335e8e46aaf42895d127,Unibet (NL),2026-09-09T05:16:13+00:00
335e8e46aaf42895d127,Unibet (SE),2026-09-09T05:15:34+00:00
335e8e46aaf42895d127,William Hill,2026-09-09T05:15:50+00:00
335e8e46aaf42895d127,Winamax (DE),2026-09-09T05:15:53+00:00
335e8e46aaf42895d127,Winamax (FR),2026-09-09T05:15:31+00:00
521a931cdce8f121d76b,1xBet,2026-09-09T05:15:27+00:00
521a931cdce8f121d76b,888sport,2026-09-09T05:15:50+00:00
521a931cdce8f121d76b,BetOnline.ag,2026-09-09T05:16:12+00:00
521a931cdce8f121d76b,Betclic (FR),2026-09-09T05:11:40+00:00
521a931cdce8f121d76b,Betfair,2026-09-09T05:15:51+00:00
521a931cdce8f121d76b,Betsson,2026-09-09T05:15:28+00:00
521a931cdce8f121d76b,Codere (IT),2026-09-09T05:15:28+00:00
521a931cdce8f121d76b,Coolbet,2026-09-09T05:16:15+00:00
521a931cdce8f121d76b,Everygame,2026-09-09T05:14:04+00:00
521a931cdce8f121d76b,GTbets,2026-09-09T05:15:51+00:00
521a931cdce8f121d76b,LeoVegas (SE),2026-09-09T05:15:29+00:00
521a931cdce8f121d76b,Marathon Bet,2026-09-09T05:15:28+00:00
521a931cdce8f121d76b,Matchbook,2026-09-09T05:16:15+00:00
521a931cdce8f121d76b,Nordic Bet,2026-09-09T05:16:15+00:00
521a931cdce8f121d76b,PMU (FR),2026-09-09T05:15:28+00:00
521a931cdce8f121d76b,Pinnacle,2026-09-09T05:16:12+00:00
521a931cdce8f121d76b,Suprabets,2026-09-09T05:14:38+00:00
521a931cdce8f121d76b,Tipico,2026-09-09T05:16:14+00:00
521a931cdce8f121d76b,Unibet (FR),2026-09-09T05:15:51+00:00
521a931cdce8f121d76b,Unibet (NL),2026-09-09T05:16:13+00:00
521a931cdce8f121d76b,Unibet (SE),2026-09-09T05:15:34+00:00
521a931cdce8f121d76b,William Hill,2026-09-09T05:15:50+00:00
521a931cdce8f121d76b,Winamax (DE),2026-09-09T05:15:53+00:00
521a931cdce8f121d76b,Winamax (FR),2026-09-09T05:15:31+00:00
5ab3063973f4e1a04e3e,1xBet,2026-09-09T05:15:27+00:00
5ab3063973f4e1a04e3e,888sport,2026-09-09T05:15:50+00:00
5ab3063973f4e1a04e3e,BetOnline.ag,2026-09-09T05:16:12+00:00
5ab3063973f4e1a04e3e,Betclic (FR),2026-09-09T05:11:40+00:00
5ab3063973f4e1a04e3e,Betfair,2026-09-09T05:15:51+00:00
5ab3063973f4e1a04e3e,Betsson,2026-09-09T05:15:28+00:00
5ab3063973f4e1a04e3e,Codere (IT),2026-09-09T05:15:28+00:00
5ab3063973f4e1a04e3e,Coolbet,2026-09-09T05:16:15+00:00
5ab3063973f4e1a04e3e,Everygame,2026-09-09T05:14:04+00:00
5ab3063973f4e1a04e3e,GTbets,2026-09-09T05:15:51+00:00
5ab3063973f4e1a04e3e,LeoVegas (SE),2026-09-09T05:15:29+00:00
5ab3063973f4e1a04e3e,Marathon Bet,2026-09-09T05:15:28+00:00
5ab3063973f4e1a04e3e,Matchbook,2026-09-09T05:16:15+00:00
5ab3063973f4e1a04e3e,Nordic Bet,2026-09-09T05:16:15+00:00
5ab3063973f4e1a04e3e,PMU (FR),2026-09-09T05:15:28+00:00
5ab3063973f4e1a04e3e,Pinnacle,2026-09-09T05:16:12+00:00
5ab3063973f4e1a04e3e,Suprabets,2026-09-09T05:14:38+00:00
5ab3063973f4e1a04e3e,Tipico,2026-09-09T05:16:14+00:00
5ab3063973f4e1a04e3e,Unibet (FR),2026-09-09T05:15:51+00:00
5ab3063973f4e1a04e3e,Unibet (NL),2026-09-09T05:16:13+00:00
5ab3063973f4e1a04e3e,Unibet (SE),2026-09-09T05:15:34+00:00
5ab3063973f4e1a04e3e,William Hill,2026-09-09T05:15:50+00:00
5ab3063973f4e1a04e3e,Winamax (DE),2026-09-09T05:15:53+00:00
5ab3063973f4e1a04e3e,Winamax (FR),2026-09-09T05:15:31+00:00
69d7b03c8c472bdcd27a,1xBet,2026-09-09T05:15:27+00:00
69d7b03c8c472bdcd27a,888sport,2026-09-09T05:15:50+00:00
69d7b03c8c472bdcd27a,BetOnline.ag,2026-09-09T05:16:12+00:00
69d7b03c8c472bdcd27a,Betclic (FR),2026-09-09T05:11:40+00:00
69d7b03c8c472bdcd27a,Betfair,2026-09-09T05:15:51+00:00
69d7b03c8c472bdcd27a,Betsson,2026-09-09T05:15:28+00:00
69d7b03c8c472bdcd27a,Codere (IT),2026-09-09T05:15:28+00:00
69d7b03c8c472bdcd27a,Coolbet,2026-09-09T05:16:15+00:00
69d7b03c8c472bdcd27a,Everygame,2026-09-09T05:14:04+00:00
69d7b03c8c472bdcd27a,GTbets,2026-09-09T05:15:51+00:00
69d7b03c8c472bdcd27a,LeoVegas (SE),2026-09-09T05:15:29+00:00
69d7b03c8c472bdcd27a,Marathon Bet,2026-09-09T05:15:28+00:00
69d7b03c8c472bdcd27a,Matchbook,2026-09-09T05:16:15+00:00
69d7b03c8c472bdcd27a,Nordic Bet,2026-09-09T05:16:15+00:00
69d7b03c8c472bdcd27a,PMU (FR),2026-09-09T05:15:28+00:00
69d7b03c8c472bdcd27a,Pinnacle,2026-09-09T05:16:12+00:00
69d7b03c8c472bdcd27a,Suprabets,2026-09-09T05:14:38+00:00
69d7b03c8c472bdcd27a,Tipico,2026-09-09T05:16:14+00:00
69d7b03c8c472bdcd27a,Unibet (FR),2026-09-09T05:15:51+00:00
69d7b03c8c472bdcd27a,Unibet (NL),2026-09-09T05:16:13+00:00
69d7b03c8c472bdcd27a,Unibet (SE),2026-09-09T05:15:34+00:00
69d7b03c8c472bdcd27a,William Hill,2026-09-09T05:15:50+00:00
69d7b03c8c472bdcd27a,Winamax (DE),2026-09-09T05:15:53+00:00
69d7b03c8c472bdcd27a,Winamax (FR),2026-09-09T05:15:31+00:00
845ec28063ce46534ca5,1xBet,2026-09-09T05:15:27+00:00
845ec28063ce46534ca5,888sport,2026-09-09T05:15:50+00:00
845ec28063ce46534ca5,BetOnline.ag,2026-09-09T05:16:12+00:00
845ec28063ce46534ca5,Betclic (FR),2026-09-09T05:11:40+00:00
845ec28063ce46534ca5,Betfair,2026-09-09T05:15:51+00:00
845ec28063ce46534ca5,Betsson,2026-09-09T05:15:28+00:00
845ec28063ce46534ca5,Codere (IT),2026-09-09T05:15:28+00:00
845ec28063ce46534ca5,Coolbet,2026-09-09T05:16:15+00:00
845ec28063ce46534ca5,Everygame,2026-09-09T05:14:04+00:00
845ec28063ce46534ca5,GTbets,2026-09-09T05:15:51+00:00
845ec28063ce46534ca5,LeoVegas (SE),2026-09-09T05:15:29+00:00
845ec28063ce46534ca5,Marathon Bet,2026-09-09T05:15:28+00:00
845ec28063ce46534ca5,Matchbook,2026-09-09T05:16:15+00:00
845ec28063ce46534ca5,Nordic Bet,2026-09-09T05:16:15+00:00
845ec28063ce46534ca5,PMU (FR),2026-09-09T05:15:28+00:00
845ec28063ce46534ca5,Pinnacle,2026-09-09T05:16:12+00:00
845ec28063ce46534ca5,Suprabets,2026-09-09T05:14:38+00:00
845ec28063ce46534ca5,Tipico,2026-09-09T05:16:14+00:00
845ec28063ce46534ca5,Unibet (FR),2026-09-09T05:15:51+00:00
845ec28063ce46534ca5,Unibet (NL),2026-09-09T05:16:13+00:00
845ec28063ce46534ca5,Unibet (SE),2026-09-09T05:15:34+00:00
845ec28063ce46534ca5,William Hill,2026-09-09T05:15:50+00:00
845ec28063ce46534ca5,Winamax (DE),2026-09-09T05:15:53+00:00
845ec28063ce46534ca5,Winamax (FR),2026-09-09T05:15:31+00:00
9545ef5af328292a97c3,1xBet,2026-09-09T05:15:27+00:00
9545ef5af328292a97c3,888sport,2026-09-09T05:15:50+00:00
9545ef5af328292a97c3,BetOnline.ag,2026-09-09T05:16:12+00:00
9545ef5af328292a97c3,Betclic (FR),2026-09-09T05:11:40+00:00
9545ef5af328292a97c3,Betfair,2026-09-09T05:15:51+00:00
9545ef5af328292a97c3,Betsson,2026-09-09T05:15:28+00:00
9545ef5af328292a97c3,Codere (IT),2026-09-09T05:15:28+00:00
9545ef5af328292a97c3,Coolbet,2026-09-09T05:16:15+00:00
9545ef5af328292a97c3,Everygame,2026-09-09T05:14:04+00:00
9545ef5af328292a97c3,GTbets,2026-09-09T05:15:51+00:00
9545ef5af328292a97c3,LeoVegas (SE),2026-09-09T05:15:29+00:00
9545ef5af328292a97c3,Marathon Bet,2026-09-09T05:15:28+00:00
9545ef5af328292a97c3,Matchbook,2026-09-09T05:16:15+00:00
9545ef5af328292a97c3,Nordic Bet,2026-09-09T05:16:15+00:00
9545ef5af328292a97c3,PMU (FR),2026-09-09T05:15:28+00:00
9545ef5af328292a97c3,Pinnacle,2026-09-09T05:16:12+00:00
9545ef5af328292a97c3,Suprabets,2026-09-09T05:14:38+00:00
9545ef5af328292a97c3,Tipico,2026-09-09T05:16:14+00:00
9545ef5af328292a97c3,Unibet (FR),2026-09-09T05:15:51+00:00
9545ef5af328292a97c3,Unibet (NL),2026-09-09T05:16:13+00:00
9545ef5af328292a97c3,Unibet (SE),2026-09-09T05:15:34+00:00
9545ef5af328292a97c3,William Hill,2026-09-09T05:15:50+00:00
9545ef5af328292a97c3,Winamax (DE),2026-09-09T05:15:53+00:00
9545ef5af328292a97c3,Winamax (FR),2026-09-09T05:15:31+00:00
d6e255b0a50a6c5e3769,1xBet,2026-09-09T05:15:27+00:00
d6e255b0a50a6c5e3769,888sport,2026-09-09T05:15:50+00:00
d6e255b0a50a6c5e3769,BetOnline.ag,2026-09-09T05:16:12+00:00
d6e255b0a50a6c5e3769,Betclic (FR),2026-09-09T05:11:40+00:00
d6e255b0a50a6c5e3769,Betfair,2026-09-09T05:15:51+00:00
d6e255b0a50a6c5e3769,Betsson,2026-09-09T05:15:28+00:00
d6e255b0a50a6c5e3769,Codere (IT),2026-09-09T05:15:28+00:00
d6e255b0a50a6c5e3769,Coolbet,2026-09-09T05:16:15+00:00
d6e255b0a50a6c5e3769,Everygame,2026-09-09T05:14:04+00:00
d6e255b0a50a6c5e3769,GTbets,2026-09-09T05:15:51+00:00
d6e255b0a50a6c5e3769,LeoVegas (SE),2026-09-09T05:15:29+00:00
d6e255b0a50a6c5e3769,Marathon Bet,2026-09-09T05:15:28+00:00
d6e255b0a50a6c5e3769,Matchbook,2026-09-09T05:16:15+00:00
d6e255b0a50a6c5e3769,Nordic Bet,2026-09-09T05:16:15+00:00
d6e255b0a50a6c5e3769,PMU (FR),2026-09-09T05:15:28+00:00
d6e255b0a50a6c5e3769,Pinnacle,2026-09-09T05:16:12+00:00
d6e255b0a50a6c5e3769,Suprabets,2026-09-09T05:14:38+00:00
d6e255b0a50a6c5e3769,Tipico,2026-09-09T05:16:14+00:00
d6e255b0a50a6c5e3769,Unibet (FR),2026-09-09T05:15:51+00:00
d6e255b0a50a6c5e3769,Unibet (NL),2026-09-09T05:16:13+00:00
d6e255b0a50a6c5e3769,Unibet (SE),2026-09-09T05:15:34+00:00
d6e255b0a50a6c5e3769,William Hill,2026-09-09T05:15:50+00:00
d6e255b0a50a6c5e3769,Winamax (DE),2026-09-09T05:15:53+00:00
d6e255b0a50a6c5e3769,Winamax (FR),2026-09-09T05:15:31+00:00
ee4d3192a3a6c14e4435,1xBet,2026-09-09T05:15:27+00:00
ee4d3192a3a6c14e4435,888sport,2026-09-09T05:15:50+00:00
ee4d3192a3a6c14e4435,BetOnline.ag,2026-09-09T05:16:12+00:00
ee4d3192a3a6c14e4435,Betclic (FR),2026-09-09T05:11:40+00:00
ee4d3192a3a6c14e4435,Betfair,2026-09-09T05:15:51+00:00
ee4d3192a3a6c14e4435,Betsson,2026-09-09T05:15:28+00:00
ee4d3192a3a6c14e4435,Codere (IT),2026-09-09T05:15:28+00:00
ee4d3192a3a6c14e4435,Coolbet,2026-09-09T05:16:15+00:00
ee4d3192a3a6c14e4435,Everygame,2026-09-09T05:14:04+00:00
ee4d3192a3a6c14e4435,GTbets,2026-09-09T05:15:51+00:00
ee4d3192a3a6c14e4435,LeoVegas (SE),2026-09-09T05:15:29+00:00
ee4d3192a3a6c14e4435,Marathon Bet,2026-09-09T05:15:28+00:00
ee4d3192a3a6c14e4435,Matchbook,2026-09-09T05:16:15+00:00
ee4d3192a3a6c14e4435,Nordic Bet,2026-09-09T05:16:15+00:00
ee4d3192a3a6c14e4435,PMU (FR),2026-09-09T05:15:28+00:00
ee4d3192a3a6c14e4435,Pinnacle,2026-09-09T05:16:12+00:00
ee4d3192a3a6c14e4435,Suprabets,2026-09-09T05:14:38+00:00
ee4d3192a3a6c14e4435,Tipico,2026-09-09T05:16:14+00:00
ee4d3192a3a6c14e4435,Unibet (FR),2026-09-09T05:15:51+00:00
ee4d3192a3a6c14e4435,Unibet (NL),2026-09-09T05:16:13+00:00
ee4d3192a3a6c14e4435,Unibet (SE),2026-09-09T05:15:34+00:00
ee4d3192a3a6c14e4435,William Hill,2026-09-09T05:15:50+00:00
ee4d3192a3a6c14e4435,Winamax (DE),2026-09-09T05:15:53+00:00
ee4d3192a3a6c14e4435,Winamax (FR),2026-09-09T05:15:31+00:00
