as_of,assumed_opponents,assumed_crowd_concentration,contest_share_given_actual_results,baseline_share_given_actual_results
2018-08-21,100,1.0,1.9528656550083117e-34,1.459405875538552e-44
2018-08-21,1000,1.0,0.0,0.0
2018-08-21,10000,1.0,0.0,0.0
2018-08-21,100,2.5,1.041953480750241e-36,3.082329859133549e-48
2018-08-21,1000,2.5,0.0,0.0
2018-08-21,10000,2.5,0.0,0.0
2018-08-21,100,5.0,3.2419537495748785e-33,1.9151578409213758e-45
2018-08-21,1000,5.0,4.107006424e-314,0.0
2018-08-21,10000,5.0,0.0,0.0
2018-08-28,100,1.0,0.18329708815932552,1.2710872185401525e-56
2018-08-28,1000,1.0,3.8139263702193205e-07,0.0
2018-08-28,10000,1.0,4.818969910330143e-57,0.0
2018-08-28,100,2.5,0.4899496634426801,1.551503497386756e-54
2018-08-28,1000,2.5,0.0017578320401469589,0.0
2018-08-28,10000,2.5,6.262641249756453e-23,0.0
2018-08-28,100,5.0,0.7405000213389086,7.321438286257133e-50
2018-08-28,1000,5.0,0.06422636532373806,0.0
2018-08-28,10000,5.0,1.8775000448784643e-09,0.0
2018-09-11,100,1.0,0.0003015069369298988,4.117899289525135e-06
2018-09-11,1000,1.0,1.6326529639836293e-31,7.703275450326984e-49
2018-09-11,10000,1.0,2.6888903402824888e-295,0.0
2018-09-11,100,2.5,7.906025857425513e-05,4.189272221332809e-07
2018-09-11,1000,2.5,1.4332557947959613e-36,6.236949069066908e-58
2018-09-11,10000,2.5,0.0,0.0
2018-09-11,100,5.0,0.00011081938138531105,4.3034640432671264e-07
2018-09-11,1000,5.0,6.74754620600168e-35,1.7020053959717323e-57
2018-09-11,10000,5.0,0.0,0.0
2018-09-18,100,1.0,2.4975454194025684e-14,8.855808010223333e-27
2018-09-18,1000,1.0,3.42672442329101e-128,7.839649071684594e-251
2018-09-18,10000,1.0,0.0,0.0
2018-09-18,100,2.5,1.4420159633697507e-15,3.22840786250766e-30
2018-09-18,1000,2.5,5.028995488614937e-140,1.4670058093241605e-284
2018-09-18,10000,2.5,0.0,0.0
2018-09-18,100,5.0,2.983654971255932e-15,4.449305821488857e-31
2018-09-18,1000,5.0,1.1689585925483685e-136,8.165049108794765e-293
2018-09-18,10000,5.0,0.0,0.0
2018-10-02,100,1.0,1.2158935753518464e-90,5.835292342071144e-20
2018-10-02,1000,1.0,0.0,3.7499803218624287e-183
2018-10-02,10000,1.0,0.0,0.0
2018-10-02,100,2.5,1.889772302139834e-136,1.0365265019113761e-27
2018-10-02,1000,2.5,0.0,2.1820364640423844e-259
2018-10-02,10000,2.5,0.0,0.0
2018-10-02,100,5.0,5.440603132569501e-211,2.8744413122991737e-38
2018-10-02,1000,5.0,0.0,0.0
2018-10-02,10000,5.0,0.0,0.0
2018-10-16,100,1.0,0.000271406997087804,5.986429876614838e-19
2018-10-16,1000,1.0,1.1374727896848207e-31,3.2809477787206196e-173
2018-10-16,10000,1.0,1.5276540999145971e-296,0.0
2018-10-16,100,2.5,7.876421274445377e-05,1.1699076712600757e-25
2018-10-16,1000,2.5,5.0378335272804586e-36,9.154559410628144e-239
2018-10-16,10000,2.5,0.0,0.0
2018-10-16,100,5.0,0.0011781626365587078,1.6213839947227034e-27
2018-10-16,1000,5.0,1.610854716390843e-24,7.380812230579731e-256
2018-10-16,10000,5.0,3.2133568577707353e-224,0.0
2018-10-23,100,1.0,1.105165936136665e-05,5.491038956088533e-56
2018-10-23,1000,1.0,1.1050164611872834e-44,0.0
2018-10-23,10000,1.0,0.0,0.0
2018-10-23,100,2.5,0.0001790539174053706,1.0885887909718803e-56
2018-10-23,1000,2.5,3.471282985282423e-33,0.0
2018-10-23,10000,2.5,2.176908720681e-311,0.0
2018-10-23,100,5.0,0.009999578756520711,2.3784346713360043e-49
2018-10-23,1000,5.0,2.3763305141543632e-17,0.0
2018-10-23,10000,5.0,7.173625315277801e-155,0.0
2018-10-30,100,1.0,2.313350583370009e-29,9.849521716243359e-15
2018-10-30,1000,1.0,1.66337336131489e-276,6.605091411972467e-132
2018-10-30,10000,1.0,0.0,0.0
2018-10-30,100,2.5,1.0459450642577487e-38,3.6450968065005565e-18
2018-10-30,1000,2.5,0.0,4.008367478732396e-165
2018-10-30,10000,2.5,0.0,0.0
2018-10-30,100,5.0,3.3271799716339613e-51,2.62419535247194e-21
2018-10-30,1000,5.0,0.0,2.764287538363422e-195
2018-10-30,10000,5.0,0.0,0.0
2018-11-06,100,1.0,2.892215488170682e-141,4.5270587324560485e-32
2018-11-06,1000,1.0,0.0,2.1773981478171482e-302
2018-11-06,10000,1.0,0.0,0.0
2018-11-06,100,2.5,1.6161514239718083e-166,1.2872233849365116e-32
2018-11-06,1000,2.5,0.0,2.1064267974856e-307
2018-11-06,10000,2.5,0.0,0.0
2018-11-06,100,5.0,3.469555303075773e-220,4.800582472836552e-28
2018-11-06,1000,5.0,0.0,2.137628590493927e-261
2018-11-06,10000,5.0,0.0,0.0
2018-11-20,100,1.0,3.465890956459578e-86,1.2178868124404946e-14
2018-11-20,1000,1.0,0.0,6.891810115724707e-131
2018-11-20,10000,1.0,0.0,0.0
2018-11-20,100,2.5,6.673367201007156e-140,1.1262260322583968e-20
2018-11-20,1000,2.5,0.0,1.1701067454960677e-189
2018-11-20,10000,2.5,0.0,0.0
2018-11-20,100,5.0,8.604027394137795e-228,2.939144269498082e-22
2018-11-20,1000,5.0,0.0,8.965583521648667e-205
2018-11-20,10000,5.0,0.0,0.0
2018-11-27,100,1.0,8.791684352976627e-48,0.0014154643020896191
2018-11-27,1000,1.0,0.0,1.9130556420848906e-25
2018-11-27,10000,1.0,0.0,2.4477674459229783e-235
2018-11-27,100,2.5,2.4393813366573878e-57,0.0017863221585034403
2018-11-27,1000,2.5,0.0,2.9903471821590254e-24
2018-11-27,10000,2.5,0.0,3.4695860564590854e-223
2018-11-27,100,5.0,1.5240953061001743e-63,0.007237650205419702
2018-11-27,1000,5.0,0.0,1.8456424700851523e-18
2018-11-27,10000,5.0,0.0,1.2959872265923084e-165
2018-12-04,100,1.0,1.1168924310860174e-107,1.3236606840632583e-05
2018-12-04,1000,1.0,0.0,6.275220801086715e-44
2018-12-04,10000,1.0,0.0,0.0
2018-12-04,100,2.5,7.199538349787848e-165,4.4335758911154105e-08
2018-12-04,1000,2.5,0.0,4.9244195290563124e-67
2018-12-04,10000,2.5,0.0,0.0
2018-12-04,100,5.0,7.272268939800023e-256,8.332740117974795e-10
2018-12-04,1000,5.0,0.0,3.692997223852191e-83
2018-12-04,10000,5.0,0.0,0.0
2018-12-11,100,1.0,4.118967115993549e-16,1.7285129357988003e-11
2018-12-11,1000,1.0,1.274603155556116e-145,2.348304394672002e-100
2018-12-11,10000,1.0,0.0,0.0
2018-12-11,100,2.5,4.0504866108990193e-23,1.7644592328782748e-16
2018-12-11,1000,2.5,1.8713944417585425e-214,6.630114718917334e-149
2018-12-11,10000,2.5,0.0,0.0
2018-12-11,100,5.0,1.6180073101971728e-28,3.1163599718966145e-20
2018-12-11,1000,5.0,9.492151104723858e-268,1.2654973297690069e-185
2018-12-11,10000,5.0,0.0,0.0
2019-01-15,100,1.0,2.3179979626348308e-169,6.752467895614075e-16
2019-01-15,1000,1.0,0.0,1.7644650536279813e-143
2019-01-15,10000,1.0,0.0,0.0
2019-01-15,100,2.5,1.9372962611210146e-232,4.754179977272464e-20
2019-01-15,1000,2.5,0.0,5.121446709743541e-184
2019-01-15,10000,2.5,0.0,0.0
2019-01-15,100,5.0,0.0,5.787704245254455e-25
2019-01-15,1000,5.0,0.0,4.254188126724693e-232
2019-01-15,10000,5.0,0.0,0.0
2019-01-22,100,1.0,7.836594069079298e-76,0.0013951362935779364
2019-01-22,1000,1.0,0.0,4.1351759930617616e-25
2019-01-22,10000,1.0,0.0,1.548333868952764e-231
2019-01-22,100,2.5,5.759245907226245e-136,1.263232258713437e-06
2019-01-22,1000,2.5,0.0,5.774250198775215e-53
2019-01-22,10000,2.5,0.0,0.0
2019-01-22,100,5.0,1.5288412741999315e-237,2.6037965976415744e-10
2019-01-22,1000,5.0,0.0,5.374001730767879e-88
2019-01-22,10000,5.0,0.0,0.0
2019-01-29,100,1.0,0.09074644618619192,6.343242057546754e-61
2019-01-29,1000,1.0,9.52469659207588e-10,0.0
2019-01-29,10000,1.0,6.10791552599555e-82,0.0
2019-01-29,100,2.5,0.2974130039680376,3.248425476154121e-55
2019-01-29,1000,2.5,2.4727098355790884e-05,0.0
2019-01-29,10000,2.5,6.792033016626195e-40,0.0
2019-01-29,100,5.0,0.6900862699574261,1.7839299240856686e-42
2019-01-29,1000,5.0,0.03218143869141638,0.0
2019-01-29,10000,5.0,2.287918451641431e-12,0.0
2019-02-05,100,1.0,1.0017068950744142e-13,1.0017068950744142e-13
2019-02-05,1000,1.0,1.0712091136208306e-121,1.0712091136208306e-121
2019-02-05,10000,1.0,0.0,0.0
2019-02-05,100,2.5,1.7924561405481292e-16,1.7924561405481292e-16
2019-02-05,1000,2.5,4.7866947265015426e-148,4.7866947265015426e-148
2019-02-05,10000,2.5,0.0,0.0
2019-02-05,100,5.0,2.2585833817192402e-20,2.2585833817192402e-20
2019-02-05,1000,5.0,8.002775066659871e-186,8.002775066659871e-186
2019-02-05,10000,5.0,0.0,0.0
2019-02-12,100,1.0,3.3415506023432713e-41,3.3415506023432713e-41
2019-02-12,1000,1.0,0.0,0.0
2019-02-12,10000,1.0,0.0,0.0
2019-02-12,100,2.5,4.307183858957162e-65,4.307183858957162e-65
2019-02-12,1000,2.5,0.0,0.0
2019-02-12,10000,2.5,0.0,0.0
2019-02-12,100,5.0,2.0640751896301368e-82,2.0640751896301368e-82
2019-02-12,1000,5.0,0.0,0.0
2019-02-12,10000,5.0,0.0,0.0
2019-02-19,100,1.0,3.243951465729566e-26,4.5292144224014903e-13
2019-02-19,1000,1.0,1.6023815536331633e-244,2.7533625286300693e-115
2019-02-19,10000,1.0,0.0,0.0
2019-02-19,100,2.5,1.8004205252502678e-36,2.9157530468628264e-16
2019-02-19,1000,2.5,0.0,1.1310446242350284e-145
2019-02-19,10000,2.5,0.0,0.0
2019-02-19,100,5.0,1.18774432702524e-54,1.0325003929521297e-19
2019-02-19,1000,5.0,0.0,1.742475547863086e-178
2019-02-19,10000,5.0,0.0,0.0
2019-02-26,100,1.0,6.938890163637991e-63,4.480550582242057e-09
2019-02-26,1000,1.0,0.0,1.4573191324031445e-76
2019-02-26,10000,1.0,0.0,0.0
2019-02-26,100,2.5,2.5795615259341973e-112,3.99384173603194e-15
2019-02-26,1000,2.5,0.0,9.468770103048092e-135
2019-02-26,10000,2.5,0.0,0.0
2019-02-26,100,5.0,7.216323146629581e-196,4.5063014293182195e-23
2019-02-26,1000,5.0,0.0,3.00259259820511e-212
2019-02-26,10000,5.0,0.0,0.0
2019-03-05,100,1.0,7e-322,3.603242703707123e-05
2019-03-05,1000,1.0,0.0,2.21106836360066e-39
2019-03-05,10000,1.0,0.0,0.0
2019-03-05,100,2.5,0.0,1.8403222419547132e-08
2019-03-05,1000,2.5,0.0,4.3237736313053115e-70
2019-03-05,10000,2.5,0.0,0.0
2019-03-05,100,5.0,0.0,1.566553742916901e-13
2019-03-05,1000,5.0,0.0,4.201614553050812e-119
2019-03-05,10000,5.0,0.0,0.0
2019-03-12,100,1.0,7.114447391019445e-07,7.114447391019445e-07
2019-03-12,1000,1.0,1.3521518696887296e-55,1.3521518696887296e-55
2019-03-12,10000,1.0,0.0,0.0
2019-03-12,100,2.5,1.5896985024172396e-09,1.5896985024172396e-09
2019-03-12,1000,2.5,5.396955478730352e-80,5.396955478730352e-80
2019-03-12,10000,2.5,0.0,0.0
2019-03-12,100,5.0,1.4459952591678649e-12,1.4459952591678649e-12
2019-03-12,1000,5.0,4.705496594042994e-108,4.705496594042994e-108
2019-03-12,10000,5.0,0.0,0.0
2019-03-26,100,1.0,6.299128243073908e-168,2.97070364871648e-10
2019-03-26,1000,1.0,0.0,1.2748570145958787e-87
2019-03-26,10000,1.0,0.0,0.0
2019-03-26,100,2.5,2.230776550584674e-295,1.0886010188880799e-17
2019-03-26,1000,2.5,0.0,1.2851399455351822e-159
2019-03-26,10000,2.5,0.0,0.0
2019-03-26,100,5.0,0.0,1.6098136489531197e-24
2019-03-26,1000,5.0,0.0,2.052724222174501e-226
2019-03-26,10000,5.0,0.0,0.0
2019-04-02,100,1.0,7.908314434911333e-13,3.1988713558900525e-18
2019-04-02,1000,1.0,3.725110174612775e-113,2.5770870927472926e-166
2019-04-02,10000,1.0,0.0,0.0
2019-04-02,100,2.5,8.210162525711475e-16,2.6294020581389907e-23
2019-04-02,1000,2.5,8.80245811592141e-142,6.082400483244859e-216
2019-04-02,10000,2.5,0.0,0.0
2019-04-02,100,5.0,1.9546759904169415e-16,2.9744818439034966e-27
2019-04-02,1000,5.0,1.011649362873612e-146,8.374101759890485e-254
2019-04-02,10000,5.0,0.0,0.0
2019-04-09,100,1.0,1.765764766153481e-39,6.828496979000848e-07
2019-04-09,1000,1.0,0.0,1.0693498725081562e-55
2019-04-09,10000,1.0,0.0,0.0
2019-04-09,100,2.5,6.107356509027426e-95,1.3323427580805026e-16
2019-04-09,1000,2.5,0.0,2.5788578952587415e-149
2019-04-09,10000,2.5,0.0,0.0
2019-04-09,100,5.0,6.617804980253492e-190,1.241941297302698e-28
2019-04-09,1000,5.0,0.0,1.460419263140978e-267
2019-04-09,10000,5.0,0.0,0.0
2019-04-16,100,1.0,4.863588387383174e-18,0.012757859327037829
2019-04-16,1000,1.0,2.5878633461152515e-164,1.2202297727870525e-16
2019-04-16,10000,1.0,0.0,3.318704605417439e-148
2019-04-16,100,2.5,8.800063364197695e-32,0.00040600471890476597
2019-04-16,1000,2.5,7.059538654274859e-300,1.7615986467782348e-29
2019-04-16,10000,2.5,0.0,3.5401628617423114e-274
2019-04-16,100,5.0,5.430656281195606e-55,1.94104066416751e-06
2019-04-16,1000,5.0,0.0,1.6257200882506722e-50
2019-04-16,10000,5.0,0.0,0.0
2019-04-23,100,1.0,7.664005358616445e-207,1.9161056004710182e-60
2019-04-23,1000,1.0,0.0,0.0
2019-04-23,10000,1.0,0.0,0.0
2019-04-23,100,2.5,8.178964936477847e-307,3.0442489577074844e-54
2019-04-23,1000,2.5,0.0,0.0
2019-04-23,10000,2.5,0.0,0.0
2019-04-23,100,5.0,0.0,2.098808682651626e-43
2019-04-23,1000,5.0,0.0,0.0
2019-04-23,10000,5.0,0.0,0.0
2019-04-30,100,1.0,0.0012264420597440046,4.345916824466437e-40
2019-04-30,1000,1.0,6.032301504947792e-26,0.0
2019-04-30,10000,1.0,3.286489667688981e-240,0.0
2019-04-30,100,2.5,0.0029491275398033697,2.807507336008134e-45
2019-04-30,1000,2.5,2.7243820855964343e-22,0.0
2019-04-30,10000,2.5,7.655406923466493e-204,0.0
2019-04-30,100,5.0,0.053239036272854895,8.926140437276738e-43
2019-04-30,1000,5.0,3.386404379023583e-11,0.0
2019-04-30,10000,5.0,7.474593678194814e-95,0.0
2019-05-07,100,1.0,2.8028569283618927e-18,1.039231439318501e-65
2019-05-07,1000,1.0,4.0631698735169527e-166,0.0
2019-05-07,10000,1.0,0.0,0.0
2019-05-07,100,2.5,2.214300090144354e-12,2.2909304247125503e-61
2019-05-07,1000,2.5,1.5742915369383945e-107,0.0
2019-05-07,10000,2.5,0.0,0.0
2019-05-07,100,5.0,4.500657071943746e-08,1.6096217903448092e-56
2019-05-07,1000,5.0,2.4570266709324187e-65,0.0
2019-05-07,10000,5.0,0.0,0.0
2019-05-14,100,1.0,2.6365096919713557e-62,0.052776916912768305
2019-05-14,1000,1.0,0.0,3.196843030391715e-11
2019-05-14,10000,1.0,0.0,4.3994017423440465e-95
2019-05-14,100,2.5,5.888783811294808e-119,0.02627573399710209
2019-05-14,1000,2.5,0.0,3.9789764192926733e-13
2019-05-14,10000,2.5,0.0,1.345691238592524e-112
2019-05-14,100,5.0,3.4116263365274844e-221,0.028352467318066656
2019-05-14,1000,5.0,0.0,8.43988775604609e-12
2019-05-14,10000,5.0,0.0,3.4888362136328846e-98
2019-08-13,100,1.0,7.972921786599243e-56,8.291290279305163e-05
2019-08-13,1000,1.0,0.0,3.4329082053870454e-36
2019-08-13,10000,1.0,0.0,0.0
2019-08-13,100,2.5,1.3801391407366947e-85,3.2074499513659017e-06
2019-08-13,1000,2.5,0.0,9.343468660309317e-49
2019-08-13,10000,2.5,0.0,0.0
2019-08-13,100,5.0,2.0544144299961818e-132,7.934621323049734e-08
2019-08-13,1000,5.0,0.0,3.9603830497218286e-63
2019-08-13,10000,5.0,0.0,0.0
2019-08-20,100,1.0,3.817272164212887e-105,1.7176295907369225e-10
2019-08-20,1000,1.0,0.0,1.2463637610662679e-90
2019-08-20,10000,1.0,0.0,0.0
2019-08-20,100,2.5,1.3691043241497952e-185,1.2687394040449806e-18
2019-08-20,1000,2.5,0.0,8.31203725134604e-170
2019-08-20,10000,2.5,0.0,0.0
2019-08-20,100,5.0,2.67e-322,2.871845651061652e-24
2019-08-20,1000,5.0,0.0,4.6275812271908974e-225
2019-08-20,10000,5.0,0.0,0.0
2019-08-27,100,1.0,4.420843258738855e-23,1.4884266765051428e-07
2019-08-27,1000,1.0,1.2278068653672191e-213,5.116469125106127e-62
2019-08-27,10000,1.0,0.0,0.0
2019-08-27,100,2.5,3.178191352121886e-32,5.514888984524036e-09
2019-08-27,1000,2.5,1.7944252950591737e-303,5.24696470424697e-75
2019-08-27,10000,2.5,0.0,0.0
2019-08-27,100,5.0,3.578093302950771e-52,2.5718366891182898e-12
2019-08-27,1000,5.0,0.0,1.1473939299455707e-106
2019-08-27,10000,5.0,0.0,0.0
2019-09-10,100,1.0,9.838632594141894e-07,9.838632594141894e-07
2019-09-10,1000,1.0,1.1156913094137595e-54,1.1156913094137595e-54
2019-09-10,10000,1.0,0.0,0.0
2019-09-10,100,2.5,2.539366067816805e-06,2.539366067816805e-06
2019-09-10,1000,2.5,1.4262043031746573e-50,1.4262043031746573e-50
2019-09-10,10000,2.5,0.0,0.0
2019-09-10,100,5.0,3.3438107498253277e-06,3.3438107498253277e-06
2019-09-10,1000,5.0,4.3637633888409586e-49,4.3637633888409586e-49
2019-09-10,10000,5.0,0.0,0.0
2019-09-17,100,1.0,0.01589551697506095,0.001111066977323714
2019-09-17,1000,1.0,5.215341191733671e-16,3.3775005455202123e-26
2019-09-17,10000,1.0,2.4678888379870503e-142,1.5834273721884675e-242
2019-09-17,100,2.5,0.0012577497149262908,1.444972248065497e-05
2019-09-17,1000,2.5,3.0296874076989544e-25,6.1525066156306186e-43
2019-09-17,10000,2.5,1.5347896327423564e-232,0.0
2019-09-17,100,5.0,0.00303941744429724,2.4583685893515156e-05
2019-09-17,1000,5.0,3.1067898797347492e-21,6.809940586354639e-40
2019-09-17,10000,5.0,3.0794374309717654e-192,0.0
2019-09-24,100,1.0,1.2940847040715368e-166,9.485743935020241e-13
2019-09-24,1000,1.0,0.0,1.8131424494063226e-112
2019-09-24,10000,1.0,0.0,0.0
2019-09-24,100,2.5,1.3493081717833067e-217,5.478956331434128e-13
2019-09-24,1000,2.5,0.0,2.047369852585044e-114
2019-09-24,10000,2.5,0.0,0.0
2019-09-24,100,5.0,9.23751596297e-312,2.7019344850941027e-14
2019-09-24,1000,5.0,0.0,7.709051195416174e-127
2019-09-24,10000,5.0,0.0,0.0
2019-10-01,100,1.0,3.6148491981443193e-10,6.327733550845863e-28
2019-10-01,1000,1.0,1.7389621011201908e-87,6.28473145613517e-262
2019-10-01,10000,1.0,0.0,0.0
2019-10-01,100,2.5,1.6593517306791212e-10,4.264337286523324e-33
2019-10-01,1000,2.5,3.287939337357771e-90,1.45655518013e-312
2019-10-01,10000,2.5,0.0,0.0
2019-10-01,100,5.0,6.765188279313634e-09,2.2714644396846815e-33
2019-10-01,1000,5.0,5.352447875069785e-74,1.6145815195e-314
2019-10-01,10000,5.0,0.0,0.0
2019-10-15,100,1.0,3.1751225958923728e-40,3.1751225958923728e-40
2019-10-15,1000,1.0,0.0,0.0
2019-10-15,10000,1.0,0.0,0.0
2019-10-15,100,2.5,3.9409465894192316e-45,3.9409465894192316e-45
2019-10-15,1000,2.5,0.0,0.0
2019-10-15,10000,2.5,0.0,0.0
2019-10-15,100,5.0,2.9785539946296595e-45,2.9785539946296595e-45
2019-10-15,1000,5.0,0.0,0.0
2019-10-15,10000,5.0,0.0,0.0
2019-10-22,100,1.0,5.2144903141407133e-11,1.1576732960208229e-29
2019-10-22,1000,1.0,1.1500076108207378e-95,3.701606343113736e-279
2019-10-22,10000,1.0,0.0,0.0
2019-10-22,100,2.5,2.9754306995515382e-08,7.290634177751478e-26
2019-10-22,1000,2.5,1.2790049725023205e-68,4.8146037009224153e-241
2019-10-22,10000,2.5,0.0,0.0
2019-10-22,100,5.0,1.4575070475581661e-05,2.6480567791222374e-22
2019-10-22,1000,5.0,1.9378399228159358e-42,4.361142200294769e-205
2019-10-22,10000,5.0,0.0,0.0
2019-10-29,100,1.0,3.1176375672027235e-13,9.561386482034954e-37
2019-10-29,1000,1.0,5.843501007538742e-117,0.0
2019-10-29,10000,1.0,0.0,0.0
2019-10-29,100,2.5,1.128663571418412e-15,7.750121035787383e-48
2019-10-29,1000,2.5,2.3892846888854524e-140,0.0
2019-10-29,10000,2.5,0.0,0.0
2019-10-29,100,5.0,4.913166655766695e-14,3.086223740799268e-50
2019-10-29,1000,5.0,8.516367105703278e-124,0.0
2019-10-29,10000,5.0,0.0,0.0
2019-11-05,100,1.0,6.68103932525932e-74,6.128109931360766e-45
2019-11-05,1000,1.0,0.0,0.0
2019-11-05,10000,1.0,0.0,0.0
2019-11-05,100,2.5,3.3604028973920824e-97,9.481491624787776e-59
2019-11-05,1000,2.5,0.0,0.0
2019-11-05,10000,2.5,0.0,0.0
2019-11-05,100,5.0,2.7607015654879135e-126,6.729696403166988e-73
2019-11-05,1000,5.0,0.0,0.0
2019-11-05,10000,5.0,0.0,0.0
2019-11-19,100,1.0,5.960393406150087e-11,2.5276547087972537e-81
2019-11-19,1000,1.0,4.0057148261597593e-94,0.0
2019-11-19,10000,1.0,0.0,0.0
2019-11-19,100,2.5,1.6246552761831722e-06,1.1406838587265086e-76
2019-11-19,1000,2.5,8.976437691719068e-51,0.0
2019-11-19,10000,2.5,0.0,0.0
2019-11-19,100,5.0,0.00195688467762153,4.014366988330346e-63
2019-11-19,1000,5.0,1.067619179854779e-21,0.0
2019-11-19,10000,5.0,2.24302429448703e-195,0.0
2019-11-26,100,1.0,8.342572248579396e-10,1.7077160193334717e-19
2019-11-26,1000,1.0,5.788834293565444e-84,1.0118362698078266e-178
2019-11-26,10000,1.0,0.0,0.0
2019-11-26,100,2.5,6.9751647927341775e-12,1.3139016360515515e-25
2019-11-26,1000,2.5,1.68484774043057e-103,2.020633442338716e-238
2019-11-26,10000,2.5,0.0,0.0
2019-11-26,100,5.0,6.063237430855936e-11,3.376061285327552e-27
2019-11-26,1000,5.0,1.0312101383788343e-93,3.8264259199737115e-253
2019-11-26,10000,5.0,0.0,0.0
2019-12-03,100,1.0,5.24210684666226e-61,4.756930962882519e-06
2019-12-03,1000,1.0,0.0,5.536175779853762e-48
2019-12-03,10000,1.0,0.0,0.0
2019-12-03,100,2.5,2.803946663601879e-82,1.7879055842396335e-06
2019-12-03,1000,2.5,0.0,2.0935635753935454e-51
2019-12-03,10000,2.5,0.0,0.0
2019-12-03,100,5.0,7.535948048056205e-118,1.3738522637137589e-07
2019-12-03,1000,5.0,0.0,2.6231366645497955e-61
2019-12-03,10000,5.0,0.0,0.0
2019-12-10,100,1.0,7.811127085950062e-60,0.0003797595842786043
2019-12-10,1000,1.0,0.0,2.8705534815557214e-30
2019-12-10,10000,1.0,0.0,1.3911268226240534e-282
2019-12-10,100,2.5,2.51396932828474e-90,1.3885778731818162e-05
2019-12-10,1000,2.5,0.0,4.358375038181648e-43
2019-12-10,10000,2.5,0.0,0.0
2019-12-10,100,5.0,1.5434193579669381e-140,4.1824076091755683e-07
2019-12-10,1000,5.0,0.0,8.891293095147723e-57
2019-12-10,10000,5.0,0.0,0.0
2020-01-14,100,1.0,1.0420383949828719e-246,1.7236754245088695e-24
2020-01-14,1000,1.0,0.0,7.870666210895465e-228
2020-01-14,10000,1.0,0.0,0.0
2020-01-14,100,2.5,0.0,2.5626305433504776e-34
2020-01-14,1000,2.5,0.0,0.0
2020-01-14,10000,2.5,0.0,0.0
2020-01-14,100,5.0,0.0,1.247867013027113e-36
2020-01-14,1000,5.0,0.0,0.0
2020-01-14,10000,5.0,0.0,0.0
2020-01-21,100,1.0,1.0282039252532922e-109,1.8796771991502598e-35
2020-01-21,1000,1.0,0.0,0.0
2020-01-21,10000,1.0,0.0,0.0
2020-01-21,100,2.5,8.356367307850766e-177,3.66468035679404e-44
2020-01-21,1000,2.5,0.0,0.0
2020-01-21,10000,2.5,0.0,0.0
2020-01-21,100,5.0,3.6209770517473783e-295,9.506322019715268e-48
2020-01-21,1000,5.0,0.0,0.0
2020-01-21,10000,5.0,0.0,0.0
2020-01-28,100,1.0,3.1205771844465264e-05,5.607314346878495e-11
2020-01-28,1000,1.0,2.085842175342246e-40,2.6112943125460022e-95
2020-01-28,10000,1.0,0.0,0.0
2020-01-28,100,2.5,2.9320886327693737e-06,6.247975917227132e-14
2020-01-28,1000,2.5,1.4112971681241522e-49,1.027971012628886e-123
2020-01-28,10000,2.5,0.0,0.0
2020-01-28,100,5.0,1.1635638024176359e-06,2.1356071200822476e-16
2020-01-28,1000,5.0,1.1567871856558559e-52,2.1322397706453792e-147
2020-01-28,10000,5.0,0.0,0.0
2020-02-11,100,1.0,3.634563613618316e-63,6.829831486952947e-10
2020-02-11,1000,1.0,0.0,8.276473977545362e-85
2020-02-11,10000,1.0,0.0,0.0
2020-02-11,100,2.5,7.345622681058494e-103,7.940421648027895e-16
2020-02-11,1000,2.5,0.0,2.145150285307039e-142
2020-02-11,10000,2.5,0.0,0.0
2020-02-11,100,5.0,7.596180456725049e-155,6.256966158023356e-20
2020-02-11,1000,5.0,0.0,2.040231926448662e-182
2020-02-11,10000,5.0,0.0,0.0
2020-02-18,100,1.0,5.987354577520599e-34,5.987354577520599e-34
2020-02-18,1000,1.0,1.9303e-320,1.9303e-320
2020-02-18,10000,1.0,0.0,0.0
2020-02-18,100,2.5,4.463303859238775e-46,4.463303859238775e-46
2020-02-18,1000,2.5,0.0,0.0
2020-02-18,10000,2.5,0.0,0.0
2020-02-18,100,5.0,3.9813394472941346e-54,3.9813394472941346e-54
2020-02-18,1000,5.0,0.0,0.0
2020-02-18,10000,5.0,0.0,0.0
2020-03-03,100,1.0,0.0017891072638474964,4.6861191649796895e-07
2020-03-03,1000,1.0,1.3116802593074918e-24,7.258158283592213e-58
2020-03-03,10000,1.0,3.4352139874691265e-227,0.0
2020-03-03,100,2.5,0.00032051110466058683,7.635912667405797e-09
2020-03-03,1000,2.5,3.719880579181715e-31,1.015983689596198e-74
2020-03-03,10000,2.5,1.2773159573756658e-291,0.0
2020-03-03,100,5.0,0.00025955431345283324,8.294686593525406e-10
2020-03-03,1000,5.0,1.6606930376190007e-31,1.8058689335979554e-83
2020-03-03,10000,5.0,1.6088241009726537e-294,0.0
2020-05-12,100,1.0,2.292345804516044e-34,5.37618583330436e-06
2020-05-12,1000,1.0,0.0,1.726412021200329e-47
2020-05-12,10000,1.0,0.0,0.0
2020-05-12,100,2.5,1.0103574174797034e-45,1.0924522115115877e-06
2020-05-12,1000,2.5,0.0,1.6418456505350404e-53
2020-05-12,10000,2.5,0.0,0.0
2020-05-12,100,5.0,9.504764193730605e-59,2.021673705196995e-06
2020-05-12,1000,5.0,0.0,2.7000537115149127e-50
2020-05-12,10000,5.0,0.0,0.0
2020-05-19,100,1.0,0.001394058528132101,2.3377212404931596e-42
2020-05-19,1000,1.0,3.001250358614502e-25,0.0
2020-05-19,10000,1.0,4.417615721589995e-233,0.0
2020-05-19,100,2.5,0.004016897268944357,5.971106787576632e-47
2020-05-19,1000,2.5,6.4274068125709325e-21,0.0
2020-05-19,10000,2.5,4.44264466068093e-190,0.0
2020-05-19,100,5.0,0.073294201711764,6.667228769040673e-43
2020-05-19,1000,5.0,5.910667230575566e-10,0.0
2020-05-19,10000,5.0,1.1460897019706886e-82,0.0
2020-06-09,100,1.0,0.0006308991228676575,1.3314933187784313e-46
2020-06-09,1000,1.0,2.5705598928055965e-28,0.0
2020-06-09,10000,1.0,2.457725866584781e-263,0.0
2020-06-09,100,2.5,0.007338043755058575,1.8780187515851474e-53
2020-06-09,1000,2.5,1.9271938374017673e-18,0.0
2020-06-09,10000,2.5,1.7855074188521393e-165,0.0
2020-06-09,100,5.0,0.196663952139435,2.998971571868663e-51
2020-06-09,1000,5.0,2.4611003242714676e-06,0.0
2020-06-09,10000,5.0,1.0551505047174513e-47,0.0
2020-06-23,100,1.0,9.803399413138397e-187,0.14141609489765214
2020-06-23,1000,1.0,0.0,1.8413238566022557e-07
2020-06-23,10000,1.0,0.0,2.338500626831019e-58
2020-06-23,100,2.5,0.0,0.039833438048958995
2020-06-23,1000,2.5,0.0,3.048309886807722e-11
2020-06-23,10000,2.5,0.0,1.1644306847436515e-93
2020-06-23,100,5.0,0.0,0.05954079700153216
2020-06-23,1000,5.0,0.0,4.0294034617602175e-09
2020-06-23,10000,5.0,0.0,5.269587012927071e-72
2020-09-15,100,1.0,7.686545889348161e-13,2.3236460771249918e-35
2020-09-15,1000,1.0,2.948660644377686e-113,0.0
2020-09-15,10000,1.0,0.0,0.0
2020-09-15,100,2.5,1.24886082665941e-12,2.2235907872614822e-38
2020-09-15,1000,2.5,7.654175227055179e-111,0.0
2020-09-15,10000,2.5,0.0,0.0
2020-09-15,100,5.0,1.6012083422797569e-09,2.95515407477665e-33
2020-09-15,1000,5.0,2.4899338915858052e-80,4.50863336e-314
2020-09-15,10000,5.0,0.0,0.0
2020-09-22,100,1.0,0.017357058947192396,4.14054449565765e-112
2020-09-22,1000,1.0,9.228011370674028e-16,0.0
2020-09-22,10000,1.0,4.791751387544038e-140,0.0
2020-09-22,100,2.5,0.18343053852970767,4.987066565878715e-91
2020-09-22,1000,2.5,5.461842823211201e-07,0.0
2020-09-22,10000,2.5,4.603635376683728e-55,0.0
2020-09-22,100,5.0,0.5371222933161084,2.375247989544953e-70
2020-09-22,1000,5.0,0.0039175874229768854,0.0
2020-09-22,10000,5.0,8.440818690727134e-20,0.0
2020-09-29,100,1.0,8.902776809163247e-39,0.00279010861261163
2020-09-29,1000,1.0,0.0,1.5564377802310864e-22
2020-09-29,10000,1.0,0.0,2.816961968595472e-206
2020-09-29,100,2.5,5.559274031829832e-64,4.296277821961166e-05
2020-09-29,1000,2.5,0.0,1.259592358729126e-38
2020-09-29,10000,2.5,0.0,0.0
2020-09-29,100,5.0,8.774825016244435e-104,1.0534283094356412e-06
2020-09-29,1000,5.0,0.0,8.900096483543635e-53
2020-09-29,10000,5.0,0.0,0.0
2020-10-13,100,1.0,0.00021165917879619923,6.872606027811982e-09
2020-10-13,1000,1.0,5.2369575407413926e-33,2.282018895871969e-75
2020-10-13,10000,1.0,3.45228722333e-310,0.0
2020-10-13,100,2.5,1.5643379575217302e-05,1.4022141761611516e-11
2020-10-13,1000,2.5,3.393954960394531e-43,5.2077782729957486e-101
2020-10-13,10000,2.5,0.0,0.0
2020-10-13,100,5.0,6.442966101774236e-05,3.907209620404074e-11
2020-10-13,1000,5.0,3.7350733629792465e-37,4.539292758825644e-96
2020-10-13,10000,5.0,0.0,0.0
2020-10-20,100,1.0,9.526229378550922e-10,2.0985966508385038e-19
2020-10-20,1000,1.0,2.1374706612461903e-83,8.953450988985692e-178
2020-10-20,10000,1.0,0.0,0.0
2020-10-20,100,2.5,5.3458146061487424e-18,1.084825250753301e-36
2020-10-20,1000,2.5,1.7092476494972383e-163,0.0
2020-10-20,10000,2.5,0.0,0.0
2020-10-20,100,5.0,5.154963684616566e-22,2.931196288371355e-50
2020-10-20,1000,5.0,1.8897671444170936e-202,0.0
2020-10-20,10000,5.0,0.0,0.0
2020-10-27,100,1.0,6.16333243637251e-26,2.200998464759176e-46
2020-10-27,1000,1.0,2.613700845969922e-242,0.0
2020-10-27,10000,1.0,0.0,0.0
2020-10-27,100,2.5,2.2307234096473563e-30,4.7415121515518545e-57
2020-10-27,1000,2.5,7.02343260280138e-286,0.0
2020-10-27,10000,2.5,0.0,0.0
2020-10-27,100,5.0,2.4861835717305326e-31,2.3861483360357536e-65
2020-10-27,1000,5.0,8.569074813269502e-295,0.0
2020-10-27,10000,5.0,0.0,0.0
2020-11-03,100,1.0,4.30982710120848e-29,0.0007494180227742113
2020-11-03,1000,1.0,9.186151748816016e-274,6.702216900929438e-28
2020-11-03,10000,1.0,0.0,1.5296993926987456e-259
2020-11-03,100,2.5,2.3670947588526024e-47,1.4940855053981655e-06
2020-11-03,1000,2.5,0.0,8.648404592683644e-53
2020-11-03,10000,2.5,0.0,0.0
2020-11-03,100,5.0,3.4427775618762085e-77,1.556545353802004e-10
2020-11-03,1000,5.0,0.0,1.074585734246261e-90
2020-11-03,10000,5.0,0.0,0.0
2020-11-17,100,1.0,1.2638850887590239e-06,1.1131309292695771e-48
2020-11-17,1000,1.0,1.6713860786402596e-53,0.0
2020-11-17,10000,1.0,0.0,0.0
2020-11-17,100,2.5,5.107019305240862e-06,4.53828543830548e-58
2020-11-17,1000,2.5,3.0308619870957516e-47,0.0
2020-11-17,10000,2.5,0.0,0.0
2020-11-17,100,5.0,0.00012696548368330493,6.31185132722766e-67
2020-11-17,1000,5.0,1.2667635924547895e-33,0.0
2020-11-17,10000,5.0,1.1119186315e-314,0.0
2020-11-24,100,1.0,0.3928963093973977,4.686405179275713e-36
2020-11-24,1000,1.0,0.000255188106325873,0.0
2020-11-24,10000,1.0,1.2733874034639489e-30,0.0
2020-11-24,100,2.5,0.4228602326087179,2.857113965516251e-45
2020-11-24,1000,2.5,0.0005255448656167394,0.0
2020-11-24,10000,2.5,1.6390399065362106e-27,0.0
2020-11-24,100,5.0,0.6157926549392733,2.555192887062923e-46
2020-11-24,1000,5.0,0.012602085561014977,0.0
2020-11-24,10000,5.0,1.9341841498660406e-15,0.0
2020-12-01,100,1.0,1.1316488212189634e-15,1.1316488212189634e-15
2020-12-01,1000,1.0,2.4103660561204694e-141,2.4103660561204694e-141
2020-12-01,10000,1.0,0.0,0.0
2020-12-01,100,2.5,2.7274944032758617e-16,2.7274944032758617e-16
2020-12-01,1000,2.5,4.7704825657462484e-147,4.7704825657462484e-147
2020-12-01,10000,2.5,0.0,0.0
2020-12-01,100,5.0,3.0467245838675128e-15,3.0467245838675128e-15
2020-12-01,1000,5.0,2.8172389873872855e-136,2.8172389873872855e-136
2020-12-01,10000,5.0,0.0,0.0
2020-12-08,100,1.0,8.284428675342604e-09,8.284428675342604e-09
2020-12-08,1000,1.0,2.728248239963737e-74,2.728248239963737e-74
2020-12-08,10000,1.0,0.0,0.0
2020-12-08,100,2.5,2.1597771804821727e-09,2.1597771804821727e-09
2020-12-08,1000,2.5,2.2062089626258152e-79,2.2062089626258152e-79
2020-12-08,10000,2.5,0.0,0.0
2020-12-08,100,5.0,5.340301748940998e-09,5.340301748940998e-09
2020-12-08,1000,5.0,6.190547886755458e-75,6.190547886755458e-75
2020-12-08,10000,5.0,0.0,0.0
2020-12-29,100,1.0,1.0992898253547132e-166,7.764907584692337e-07
2020-12-29,1000,1.0,0.0,2.4892271665397024e-55
2020-12-29,10000,1.0,0.0,0.0
2020-12-29,100,2.5,1.3070553951227104e-271,8.020086759489877e-10
2020-12-29,1000,2.5,0.0,1.6560806998824665e-83
2020-12-29,10000,2.5,0.0,0.0
2020-12-29,100,5.0,0.0,3.5932082286068084e-10
2020-12-29,1000,5.0,0.0,3.147422815224973e-86
2020-12-29,10000,5.0,0.0,0.0
2021-01-05,100,1.0,2.5865688832698164e-25,8.219564256964145e-34
2021-01-05,1000,1.0,2.1017996585487122e-236,2.32744e-319
2021-01-05,10000,1.0,0.0,0.0
2021-01-05,100,2.5,2.790599800265595e-22,4.605668631311406e-31
2021-01-05,1000,2.5,5.529102907032938e-206,3.802780829002147e-291
2021-01-05,10000,2.5,0.0,0.0
2021-01-05,100,5.0,4.932708892950081e-23,3.884233752443163e-33
2021-01-05,1000,5.0,4.691429958440854e-213,4.34467706326275e-310
2021-01-05,10000,5.0,0.0,0.0
2021-01-12,100,1.0,1.1200265060426908e-30,3.6269905454358055e-55
2021-01-12,1000,1.0,2.4471789043076654e-289,0.0
2021-01-12,10000,1.0,0.0,0.0
2021-01-12,100,2.5,3.403772987935078e-32,3.3618480387999624e-61
2021-01-12,1000,2.5,4.517167404903108e-304,0.0
2021-01-12,10000,2.5,0.0,0.0
2021-01-12,100,5.0,9.399742847054884e-29,2.0435142497713437e-59
2021-01-12,1000,5.0,1.5762222279922195e-269,0.0
2021-01-12,10000,5.0,0.0,0.0
2021-01-26,100,1.0,1.9845596926153218e-25,2.4439198259857767e-09
2021-01-26,1000,1.0,1.8073597895870967e-237,1.815118197174271e-79
2021-01-26,10000,1.0,0.0,0.0
2021-01-26,100,2.5,5.632479003563231e-50,1.1305017073348206e-18
2021-01-26,1000,2.5,0.0,3.1072487913432197e-170
2021-01-26,10000,2.5,0.0,0.0
2021-01-26,100,5.0,2.918237696658218e-85,3.5765564316881767e-29
2021-01-26,1000,5.0,0.0,2.8509587929390774e-273
2021-01-26,10000,5.0,0.0,0.0
2021-02-09,100,1.0,0.01111745919969423,5.8571410894312845e-71
2021-02-09,1000,1.0,1.4901421449078848e-17,0.0
2021-02-09,10000,1.0,9.200472204324556e-158,0.0
2021-02-09,100,2.5,0.06610193751230788,8.990947095191931e-73
2021-02-09,1000,2.5,1.0316778442635567e-10,0.0
2021-02-09,10000,2.5,8.850751993411834e-91,0.0
2021-02-09,100,5.0,0.23260158589690466,7.732983717433656e-72
2021-02-09,1000,5.0,4.670064341158432e-06,0.0
2021-02-09,10000,5.0,5.185980650336324e-46,0.0
2021-02-16,100,1.0,4.0440376855620726e-75,3.863395692708461e-18
2021-02-16,1000,1.0,0.0,1.4600447235843916e-165
2021-02-16,10000,1.0,0.0,0.0
2021-02-16,100,2.5,1.296069168210782e-103,5.854838418204805e-21
2021-02-16,1000,2.5,0.0,1.538370792681279e-192
2021-02-16,10000,2.5,0.0,0.0
2021-02-16,100,5.0,1.8034574638604671e-159,1.3591251565178406e-22
2021-02-16,1000,5.0,0.0,7.659139359635866e-207
2021-02-16,10000,5.0,0.0,0.0
2021-02-23,100,1.0,9.586688448216595e-74,1.3604148967846326e-31
2021-02-23,1000,1.0,0.0,3.018806631478582e-298
2021-02-23,10000,1.0,0.0,0.0
2021-02-23,100,2.5,1.2443037376772273e-115,4.1850470292289374e-42
2021-02-23,1000,2.5,0.0,0.0
2021-02-23,10000,2.5,0.0,0.0
2021-02-23,100,5.0,2.9423712492089674e-184,5.659316429998423e-45
2021-02-23,1000,5.0,0.0,0.0
2021-02-23,10000,5.0,0.0,0.0
2021-03-02,100,1.0,1.9685123770599028e-06,2.5153198290469942e-12
2021-03-02,1000,1.0,3.8107862913273086e-52,6.531168011227105e-109
2021-03-02,10000,1.0,0.0,0.0
2021-03-02,100,2.5,2.5324583224662237e-08,4.079869430679288e-16
2021-03-02,1000,2.5,6.242912420714984e-70,8.32069499095817e-146
2021-03-02,10000,2.5,0.0,0.0
2021-03-02,100,5.0,9.963246143430334e-09,8.743269192953823e-18
2021-03-02,1000,5.0,2.2681528108488305e-73,7.509233522017764e-162
2021-03-02,10000,5.0,0.0,0.0
2021-03-16,100,1.0,3.007297820331885e-62,2.4023336398268498e-05
2021-03-16,1000,1.0,0.0,4.71785357563179e-41
2021-03-16,10000,1.0,0.0,0.0
2021-03-16,100,2.5,6.538869902155423e-111,6.04869344759589e-07
2021-03-16,1000,2.5,0.0,3.6471163095943865e-55
2021-03-16,10000,2.5,0.0,0.0
2021-03-16,100,5.0,1.996767076065965e-198,4.2130511859740946e-07
2021-03-16,1000,5.0,0.0,2.160835157841855e-55
2021-03-16,10000,5.0,0.0,0.0
2021-03-30,100,1.0,2.1363793530668542e-44,0.11231053399860837
2021-03-30,1000,1.0,0.0,6.528601430751753e-09
2021-03-30,10000,1.0,0.0,8.806107240726827e-74
2021-03-30,100,2.5,3.002421987942438e-63,0.07062327111542219
2021-03-30,1000,2.5,0.0,1.9717899203658857e-10
2021-03-30,10000,2.5,0.0,5.613253481435217e-88
2021-03-30,100,5.0,6.358394643868844e-94,0.06787719597640766
2021-03-30,1000,5.0,0.0,4.1716181364776195e-10
2021-03-30,10000,5.0,0.0,6.831110312297949e-84
2021-04-06,100,1.0,3.738179316557583e-05,2.9490334662273026e-14
2021-04-06,1000,1.0,5.698534875073928e-40,1.6084002319269194e-127
2021-04-06,10000,1.0,0.0,0.0
2021-04-06,100,2.5,1.5799474725977295e-05,5.871815576568589e-16
2021-04-06,1000,2.5,3.3969735737542245e-43,6.487316036633307e-144
2021-04-06,10000,2.5,0.0,0.0
2021-04-06,100,5.0,1.3897007200011789e-05,5.008007742334598e-17
2021-04-06,1000,5.0,2.488076249799378e-43,5.375936926823542e-154
2021-04-06,10000,5.0,0.0,0.0
2021-05-18,100,1.0,1.1832654699498427e-80,0.005333529557222133
2021-05-18,1000,1.0,0.0,5.673954084061522e-20
2021-05-18,10000,1.0,0.0,5.847836584306225e-181
2021-05-18,100,2.5,2.136119902823371e-127,0.00025003526680962687
2021-05-18,1000,2.5,0.0,1.6496919410529404e-31
2021-05-18,10000,2.5,0.0,2.2078263712165696e-294
2021-05-18,100,5.0,4.986165390298326e-195,8.12444393236505e-06
2021-05-18,1000,5.0,0.0,7.288365882688022e-45
2021-05-18,10000,5.0,0.0,0.0
2021-08-10,100,1.0,1.58752093101845e-20,8.721066815327719e-15
2021-08-10,1000,1.0,8.64958164308815e-189,1.5918437531583926e-132
2021-08-10,10000,1.0,0.0,0.0
2021-08-10,100,2.5,1.1309364710020117e-28,2.2053923685595458e-20
2021-08-10,1000,2.5,6.518174079630502e-269,3.8302541725944354e-187
2021-08-10,10000,2.5,0.0,0.0
2021-08-10,100,5.0,8.938261959776267e-39,2.1814242043365682e-27
2021-08-10,1000,5.0,0.0,4.537034479911795e-256
2021-08-10,10000,5.0,0.0,0.0
2021-08-17,100,1.0,2.872812431242721e-36,1.1889004684706065e-09
2021-08-17,1000,1.0,0.0,1.9573483253672327e-82
2021-08-17,10000,1.0,0.0,0.0
2021-08-17,100,2.5,8.004232217703164e-39,4.361603115632375e-09
2021-08-17,1000,2.5,0.0,1.4937188233099598e-76
2021-08-17,10000,2.5,0.0,0.0
2021-08-17,100,5.0,5.992707332079608e-42,2.4905512672044128e-08
2021-08-17,1000,5.0,0.0,1.1432175013670172e-68
2021-08-17,10000,5.0,0.0,0.0
2021-08-24,100,1.0,1.6940531964202103e-24,0.0003360332071223869
2021-08-24,1000,1.0,5.2761966416108447e-228,6.462876749077693e-31
2021-08-24,10000,1.0,0.0,3.48865955488297e-289
2021-08-24,100,2.5,1.3120616640700137e-37,7.011411083501678e-06
2021-08-24,1000,2.5,0.0,3.963870919029445e-46
2021-08-24,10000,2.5,0.0,0.0
2021-08-24,100,5.0,1.770215286094465e-46,1.590199761612801e-05
2021-08-24,1000,5.0,0.0,2.7565658890740628e-42
2021-08-24,10000,5.0,0.0,0.0
2021-09-07,100,1.0,1.8915342520259667e-52,4.6042330279106835e-08
2021-09-07,1000,1.0,0.0,2.282640698703035e-67
2021-09-07,10000,1.0,0.0,0.0
2021-09-07,100,2.5,6.562598877762095e-68,5.4629130339418454e-09
2021-09-07,1000,2.5,0.0,7.167177345226284e-76
2021-09-07,10000,2.5,0.0,0.0
2021-09-07,100,5.0,1.4872980466239112e-88,3.1177810247138024e-08
2021-09-07,1000,5.0,0.0,6.699060738603198e-68
2021-09-07,10000,5.0,0.0,0.0
2021-09-14,100,1.0,0.20039134569937647,1.657016665649736e-41
2021-09-14,1000,1.0,8.255522275565965e-07,0.0
2021-09-14,10000,1.0,7.624779346025458e-54,0.0
2021-09-14,100,2.5,0.3486490779218864,7.758353107464986e-46
2021-09-14,1000,2.5,9.61209345368092e-05,0.0
2021-09-14,10000,2.5,2.058134705257572e-34,0.0
2021-09-14,100,5.0,0.7635401735007173,1.5567605426389922e-46
2021-09-14,1000,5.0,0.08019473536663814,0.0
2021-09-14,10000,5.0,4.34124903231285e-09,0.0
2021-09-21,100,1.0,2.237441530075019e-67,3.594786160870298e-15
2021-09-21,1000,1.0,0.0,3.487641239922825e-136
2021-09-21,10000,1.0,0.0,0.0
2021-09-21,100,2.5,1.442331739650384e-104,7.655185140076706e-22
2021-09-21,1000,2.5,0.0,2.184076135054229e-201
2021-09-21,10000,2.5,0.0,0.0
2021-09-21,100,5.0,6.446561170483295e-165,4.6481645186216414e-26
2021-09-21,1000,5.0,0.0,2.001220846591304e-242
2021-09-21,10000,5.0,0.0,0.0
2021-09-28,100,1.0,2.01404273204074e-27,3.280567688352695e-13
2021-09-28,1000,1.0,4.2738231342252044e-257,7.208864238780133e-117
2021-09-28,10000,1.0,0.0,0.0
2021-09-28,100,2.5,2.031412287730083e-34,2.2350982193323845e-15
2021-09-28,1000,2.5,0.0,1.4383119232806673e-137
2021-09-28,10000,2.5,0.0,0.0
2021-09-28,100,5.0,2.4091184651499075e-35,1.503378094483464e-14
2021-09-28,1000,5.0,0.0,4.971731195973248e-129
2021-09-28,10000,5.0,0.0,0.0
2021-10-12,100,1.0,3.563765413069549e-12,7.407440791195906e-43
2021-10-12,1000,1.0,3.258665383454671e-107,0.0
2021-10-12,10000,1.0,0.0,0.0
2021-10-12,100,2.5,1.628978426190794e-11,3.8035786991112127e-47
2021-10-12,1000,2.5,1.76423679590712e-100,0.0
2021-10-12,10000,2.5,0.0,0.0
2021-10-12,100,5.0,3.230757884779946e-09,3.3915863883691486e-46
2021-10-12,1000,5.0,7.567388798410892e-78,0.0
2021-10-12,10000,5.0,0.0,0.0
2021-10-19,100,1.0,3.571063359176275e-60,1.7614927192967567e-33
2021-10-19,1000,1.0,0.0,1.40156676e-316
2021-10-19,10000,1.0,0.0,0.0
2021-10-19,100,2.5,3.382375897998645e-74,1.0222128322444303e-37
2021-10-19,1000,2.5,0.0,0.0
2021-10-19,10000,2.5,0.0,0.0
2021-10-19,100,5.0,1.9749903157297118e-72,8.751671388062463e-31
2021-10-19,1000,5.0,0.0,7.66663293420392e-289
2021-10-19,10000,5.0,0.0,0.0
2021-10-26,100,1.0,3.9169797237239014e-57,1.7957125730920787e-11
2021-10-26,1000,1.0,0.0,7.153474824687325e-100
2021-10-26,10000,1.0,0.0,0.0
2021-10-26,100,2.5,3.6502158789012e-104,4.558637672093955e-19
2021-10-26,1000,2.5,0.0,1.5673810757591322e-173
2021-10-26,10000,2.5,0.0,0.0
2021-10-26,100,5.0,4.881710512869141e-161,1.1903737498413969e-24
2021-10-26,1000,5.0,0.0,1.0485843449639834e-227
2021-10-26,10000,5.0,0.0,0.0
2021-11-02,100,1.0,0.019572050471892852,5.896570620849053e-14
2021-11-02,1000,1.0,2.0164444288442214e-15,1.5824036282095207e-124
2021-11-02,10000,1.0,6.414342652242624e-137,0.0
2021-11-02,100,2.5,0.016093809363765622,2.297634690557129e-16
2021-11-02,1000,2.5,5.770344545024263e-16,9.653060901123298e-148
2021-11-02,10000,2.5,6.571417272126994e-142,0.0
2021-11-02,100,5.0,0.04735859094197058,1.0269976868968101e-16
2021-11-02,1000,5.0,1.0362467590482998e-11,1.3366694005749618e-150
2021-11-02,10000,5.0,5.266622296954854e-100,0.0
2021-11-16,100,1.0,9.498473651115273e-18,6.849145043099687e-25
2021-11-16,1000,1.0,2.39146497151136e-161,1.450539930052745e-231
2021-11-16,10000,1.0,0.0,0.0
2021-11-16,100,2.5,2.162365610903231e-19,2.202988405138429e-28
2021-11-16,1000,2.5,5.896872088226351e-177,2.5598721556877624e-265
2021-11-16,10000,2.5,0.0,0.0
2021-11-16,100,5.0,3.28621367005273e-16,1.8304358709527493e-25
2021-11-16,1000,5.0,4.588085785239835e-145,2.3255486328563915e-235
2021-11-16,10000,5.0,0.0,0.0
2021-11-23,100,1.0,1.0132755074500196e-32,6.295095153321078e-24
2021-11-23,1000,1.0,9.73871586859786e-310,2.3807881750363603e-222
2021-11-23,10000,1.0,0.0,0.0
2021-11-23,100,2.5,4.209920778320988e-34,1.446501167054044e-24
2021-11-23,1000,2.5,3.5e-323,1.879567824440937e-228
2021-11-23,10000,2.5,0.0,0.0
2021-11-23,100,5.0,4.7603815801212256e-33,4.613060454953252e-23
2021-11-23,1000,5.0,1.88283611852e-312,2.955004961328807e-213
2021-11-23,10000,5.0,0.0,0.0
2021-11-30,100,1.0,8.70997054798522e-36,3.2320718523833675e-19
2021-11-30,1000,1.0,0.0,5.784140204868912e-176
2021-11-30,10000,1.0,0.0,0.0
2021-11-30,100,2.5,9.133422895409243e-43,5.59139155362968e-22
2021-11-30,1000,2.5,0.0,7.518395267606507e-203
2021-11-30,10000,2.5,0.0,0.0
2021-11-30,100,5.0,1.8330864910474688e-47,1.7544172798111945e-21
2021-11-30,1000,5.0,0.0,2.5032241056879792e-197
2021-11-30,10000,5.0,0.0,0.0
2021-12-07,100,1.0,3.0109235343429707e-13,5.094948031337445e-49
2021-12-07,1000,1.0,7.613939505608705e-117,0.0
2021-12-07,10000,1.0,0.0,0.0
2021-12-07,100,2.5,6.076481371156507e-09,2.238839267735864e-45
2021-12-07,1000,2.5,3.3451815531211516e-74,0.0
2021-12-07,10000,2.5,0.0,0.0
2021-12-07,100,5.0,2.491417933013502e-05,1.3744437804481729e-40
2021-12-07,1000,5.0,5.57005345378035e-39,0.0
2021-12-07,10000,5.0,0.0,0.0
2022-01-04,100,1.0,1.3028132589991716e-10,8.514552739104106e-21
2022-01-04,1000,1.0,7.672948186337242e-92,1.4640920906315747e-191
2022-01-04,10000,1.0,0.0,0.0
2022-01-04,100,2.5,6.50620757136092e-10,1.4750684198388762e-21
2022-01-04,1000,2.5,1.6001212448326427e-84,1.9980065477978797e-198
2022-01-04,10000,2.5,0.0,0.0
2022-01-04,100,5.0,9.400766831345144e-08,6.012901720037014e-21
2022-01-04,1000,5.0,7.502640173461632e-63,2.7302737622380843e-191
2022-01-04,10000,5.0,0.0,0.0
2022-01-11,100,1.0,0.2330268476997522,9.007231966742273e-11
2022-01-11,1000,1.0,3.0461040771187996e-06,1.6002674635742861e-93
2022-01-11,10000,1.0,1.874027969766251e-48,0.0
2022-01-11,100,2.5,0.10601217527634096,1.0479704999538193e-15
2022-01-11,1000,2.5,5.246561252490806e-09,2.4836483050352962e-141
2022-01-11,10000,2.5,2.173008283849555e-74,0.0
2022-01-11,100,5.0,0.17483636539723357,9.841830212751353e-16
2022-01-11,1000,5.0,3.9857360692075065e-07,4.363726037476178e-141
2022-01-11,10000,5.0,2.9970350967726536e-56,0.0
2022-01-18,100,1.0,2.338377257704451e-131,1.906046814642435e-23
2022-01-18,1000,1.0,0.0,1.1240679972211671e-217
2022-01-18,10000,1.0,0.0,0.0
2022-01-18,100,2.5,2.276383538192943e-213,1.1836628057480877e-30
2022-01-18,1000,2.5,0.0,2.1859205799536066e-288
2022-01-18,10000,2.5,0.0,0.0
2022-01-18,100,5.0,0.0,6.336037689309038e-37
2022-01-18,1000,5.0,0.0,0.0
2022-01-18,10000,5.0,0.0,0.0
2022-02-01,100,1.0,2.2166050083757265e-108,2.0194233496380696e-23
2022-02-01,1000,1.0,0.0,1.4894975724405494e-217
2022-02-01,10000,1.0,0.0,0.0
2022-02-01,100,2.5,1.5010834074452747e-133,1.975828685873081e-27
2022-02-01,1000,2.5,0.0,5.492271573899135e-257
2022-02-01,10000,2.5,0.0,0.0
2022-02-01,100,5.0,4.3781734771176396e-150,6.373795512848433e-28
2022-02-01,1000,5.0,0.0,1.3673017238278795e-261
2022-02-01,10000,5.0,0.0,0.0
2022-02-08,100,1.0,3.7262203320966495e-28,2.8438186117378263e-14
2022-02-08,1000,1.0,3.1598982810276646e-264,2.7362626655000587e-127
2022-02-08,10000,1.0,0.0,0.0
2022-02-08,100,2.5,2.312582077581809e-47,4.523440927057719e-23
2022-02-08,1000,2.5,0.0,2.5986465364179033e-213
2022-02-08,10000,2.5,0.0,0.0
2022-02-08,100,5.0,4.050776328299582e-61,2.1800499105867666e-26
2022-02-08,1000,5.0,0.0,1.7041365992059618e-245
2022-02-08,10000,5.0,0.0,0.0
2022-02-15,100,1.0,5.991266537230081e-14,0.002891611926277523
2022-02-15,1000,1.0,1.9688429271906834e-124,1.462495172264617e-22
2022-02-15,10000,1.0,0.0,9.192252463328563e-207
2022-02-15,100,2.5,3.4962154912448565e-19,0.0001734594855378514
2022-02-15,1000,2.5,1.1639790022720574e-175,1.605942267439595e-33
2022-02-15,10000,2.5,0.0,6.05539419e-315
2022-02-15,100,5.0,9.727343641820129e-24,2.6437779920257206e-05
2022-02-15,1000,5.0,2.5490809814591926e-220,7.461781413617259e-41
2022-02-15,10000,5.0,0.0,0.0
2022-02-22,100,1.0,2.5115532187249946e-13,2.3450414888129117e-09
2022-02-22,1000,1.0,3.570147220189946e-118,1.2398859912020208e-79
2022-02-22,10000,1.0,0.0,0.0
2022-02-22,100,2.5,1.6823427024754567e-20,6.188693321985431e-14
2022-02-22,1000,2.5,6.240581255002781e-188,1.6040567834859455e-123
2022-02-22,10000,2.5,0.0,0.0
2022-02-22,100,5.0,7.44492562300667e-21,2.857117840510308e-13
2022-02-22,1000,5.0,1.1820868449139862e-190,2.304118978862381e-116
2022-02-22,10000,5.0,0.0,0.0
2022-03-29,100,1.0,1.1249387225801676e-05,9.198453897327398e-31
2022-03-29,1000,1.0,1.1081823617158616e-44,7.241843521009768e-290
2022-03-29,10000,1.0,0.0,0.0
2022-03-29,100,2.5,2.75161910543021e-05,2.3190459464611294e-33
2022-03-29,1000,2.5,1.051413720191855e-40,4.12121968e-315
2022-03-29,10000,2.5,0.0,0.0
2022-03-29,100,5.0,0.0001238864616236519,3.0385670215600585e-33
2022-03-29,1000,5.0,1.9671816773333095e-34,1.50554130085e-313
2022-03-29,10000,5.0,2e-323,0.0
2022-04-12,100,1.0,3.938155137991719e-112,6.156122993777568e-17
2022-04-12,1000,1.0,0.0,1.836284407253494e-153
2022-04-12,10000,1.0,0.0,0.0
2022-04-12,100,2.5,2.7137873784615603e-170,4.047607454031714e-19
2022-04-12,1000,2.5,0.0,2.325193466210248e-174
2022-04-12,10000,2.5,0.0,0.0
2022-04-12,100,5.0,2.4720824235422114e-278,3.8829388399070037e-20
2022-04-12,1000,5.0,0.0,2.4198379905393423e-183
2022-04-12,10000,5.0,0.0,0.0
2022-04-19,100,1.0,4.239932263891702e-106,2.5375648867473033e-22
2022-04-19,1000,1.0,0.0,3.060964289857699e-206
2022-04-19,10000,1.0,0.0,0.0
2022-04-19,100,2.5,2.4124628471425465e-165,1.184329552592627e-23
2022-04-19,1000,2.5,0.0,1.0368915621176743e-218
2022-04-19,10000,2.5,0.0,0.0
2022-04-19,100,5.0,5.054120760349024e-271,9.736247108374345e-19
2022-04-19,1000,5.0,0.0,1.349438007346812e-169
2022-04-19,10000,5.0,0.0,0.0
2022-04-26,100,1.0,0.12313168630947412,1.2957826287117866e-53
2022-04-26,1000,1.0,1.6575586803120416e-08,0.0
2022-04-26,10000,1.0,1.0070490297057208e-69,0.0
2022-04-26,100,2.5,0.47076610235013305,1.7342325361080256e-47
2022-04-26,1000,2.5,0.0013511601870460884,0.0
2022-04-26,10000,2.5,1.0293310877166352e-23,0.0
2022-04-26,100,5.0,0.7566252481775478,6.265238735206342e-43
2022-04-26,1000,5.0,0.07531523770893336,0.0
2022-04-26,10000,5.0,3.82974056304314e-09,0.0
2022-05-03,100,1.0,7.905291983181292e-20,7.905291983181292e-20
2022-05-03,1000,1.0,1.230339064476686e-181,1.230339064476686e-181
2022-05-03,10000,1.0,0.0,0.0
2022-05-03,100,2.5,1.0198598651287544e-20,1.0198598651287544e-20
2022-05-03,1000,2.5,8.19538136750484e-190,8.19538136750484e-190
2022-05-03,10000,2.5,0.0,0.0
2022-05-03,100,5.0,9.768242305227591e-23,9.768242305227591e-23
2022-05-03,1000,5.0,5.221856945382932e-209,5.221856945382932e-209
2022-05-03,10000,5.0,0.0,0.0
2022-05-10,100,1.0,6.258389514371457e-115,1.0721199649375794e-06
2022-05-10,1000,1.0,0.0,5.949466285420011e-54
2022-05-10,10000,1.0,0.0,0.0
2022-05-10,100,2.5,4.3455933197134576e-197,3.1993678193780124e-09
2022-05-10,1000,2.5,0.0,2.8079429803862893e-77
2022-05-10,10000,2.5,0.0,0.0
2022-05-10,100,5.0,0.0,4.2023363314526545e-15
2022-05-10,1000,5.0,0.0,5.231084592121649e-134
2022-05-10,10000,5.0,0.0,0.0
