season,matchday,matches,finished,draws
2016,1,9,9,2
2016,2,9,9,2
2016,3,9,9,1
2016,4,9,9,3
2016,5,9,9,2
2016,6,9,9,3
2016,7,9,9,4
2016,8,9,9,1
2016,9,9,9,2
2016,10,9,9,1
2016,11,9,9,2
2016,12,9,9,4
2016,13,9,9,2
2016,14,9,9,2
2016,15,9,9,3
2016,16,9,9,3
2016,17,9,9,2
2016,18,9,9,1
2016,19,9,9,1
2016,20,9,9,0
2016,21,9,9,3
2016,22,9,9,1
2016,23,9,9,2
2016,24,9,9,3
2016,25,9,9,2
2016,26,9,9,3
2016,27,9,9,0
2016,28,9,9,1
2016,29,9,9,1
2016,30,9,9,3
2016,31,9,9,2
2016,32,9,9,3
2016,33,9,9,5
2016,34,9,9,4
2017,1,9,9,1
2017,2,9,9,2
2017,3,9,9,3
2017,4,9,9,2
2017,5,9,9,2
2017,6,9,9,4
2017,7,9,9,4
2017,8,9,9,2
2017,9,9,9,4
2017,10,9,9,2
2017,11,9,9,3
2017,12,9,9,2
2017,13,9,9,2
2017,14,9,9,3
2017,15,9,9,4
2017,16,9,9,1
2017,17,9,9,4
2017,18,9,9,3
2017,19,9,9,2
2017,20,9,9,4
2017,21,9,9,4
2017,22,9,9,0
2017,23,9,9,1
2017,24,9,9,4
2017,25,9,9,3
2017,26,9,9,2
2017,27,9,9,1
2017,28,9,9,4
2017,29,9,9,2
2017,30,9,9,3
2017,31,9,9,1
2017,32,9,9,3
2017,33,9,9,1
2017,34,9,9,0
2018,1,9,9,1
2018,2,9,9,4
2018,3,9,9,3
2018,4,9,9,3
2018,5,9,9,2
2018,6,9,9,1
2018,7,9,9,2
2018,8,9,9,3
2018,9,9,9,3
2018,10,9,9,2
2018,11,9,9,0
2018,12,9,9,3
2018,13,9,9,2
2018,14,9,9,2
2018,15,9,9,2
2018,16,9,9,4
2018,17,9,9,1
2018,18,9,9,0
2018,19,9,9,2
2018,20,9,9,4
2018,21,9,9,3
2018,22,9,9,4
2018,23,9,9,2
2018,24,9,9,1
2018,25,9,9,1
2018,26,9,9,2
2018,27,9,9,1
2018,28,9,9,2
2018,29,9,9,1
2018,30,9,9,2
2018,31,9,9,2
2018,32,9,9,5
2018,33,9,9,2
2018,34,9,9,1
2019,1,9,9,2
2019,2,9,9,1
2019,3,9,9,2
2019,4,9,9,2
2019,5,9,9,3
2019,6,9,9,1
2019,7,9,9,4
2019,8,9,9,3
2019,9,9,9,3
2019,10,9,9,1
2019,11,9,9,1
2019,12,9,9,2
2019,13,9,9,2
2019,14,9,9,1
2019,15,9,9,1
2019,16,9,9,2
2019,17,9,9,2
2019,18,9,9,0
2019,19,9,9,0
2019,20,9,9,3
2019,21,9,9,3
2019,22,9,9,2
2019,23,9,9,1
2019,24,9,9,3
2019,25,9,9,4
2019,26,9,9,3
2019,27,9,9,2
2019,28,9,9,5
2019,29,9,9,0
2019,30,9,9,4
2019,31,9,9,2
2019,32,9,9,1
2019,33,9,9,2
2019,34,9,9,0
2020,1,9,9,2
2020,2,9,9,3
2020,3,9,9,2
2020,4,9,9,4
2020,5,9,9,3
2020,6,9,9,3
2020,7,9,9,3
2020,8,9,9,4
2020,9,9,9,4
2020,10,9,9,4
2020,11,9,9,3
2020,12,9,9,3
2020,13,9,9,1
2020,14,9,9,0
2020,15,9,9,2
2020,16,9,9,5
2020,17,9,9,1
2020,18,9,9,0
2020,19,9,9,2
2020,20,9,9,0
2020,21,9,9,7
2020,22,9,9,1
2020,23,9,9,1
2020,24,9,9,4
2020,25,9,9,1
2020,26,9,9,1
2020,27,9,9,2
2020,28,9,9,3
2020,29,9,9,3
2020,30,9,9,0
2020,31,9,9,1
2020,32,9,9,3
2020,33,9,9,5
2020,34,9,9,0
2021,1,9,9,3
2021,2,9,9,3
2021,3,9,9,1
2021,4,9,9,3
2021,5,9,9,4
2021,6,9,9,2
2021,7,9,9,0
2021,8,9,9,3
2021,9,9,9,2
2021,10,9,9,1
2021,11,9,9,3
2021,12,9,9,2
2021,13,9,9,1
2021,14,9,9,2
2021,15,9,9,1
2021,16,9,9,3
2021,17,9,9,2
2021,18,9,9,3
2021,19,9,9,3
2021,20,9,9,1
2021,21,9,9,2
2021,22,9,9,1
2021,23,9,9,1
2021,24,9,9,3
2021,25,9,9,2
2021,26,9,9,2
2021,27,9,9,3
2021,28,9,9,3
2021,29,9,9,1
2021,30,9,9,2
2021,31,9,9,2
2021,32,9,9,3
2021,33,9,9,2
2021,34,9,9,3
2022,1,9,9,2
2022,2,9,9,5
2022,3,9,9,2
2022,4,9,9,2
2022,5,9,9,2
2022,6,9,9,3
2022,7,9,9,4
2022,8,9,9,1
2022,9,9,9,4
2022,10,9,9,1
2022,11,9,9,2
2022,12,9,9,1
2022,13,9,9,0
2022,14,9,9,1
2022,15,9,9,1
2022,16,9,9,2
2022,17,9,9,3
2022,18,9,9,2
2022,19,9,9,2
2022,20,9,9,1
2022,21,9,9,1
2022,22,9,9,1
2022,23,9,9,3
2022,24,9,9,4
2022,25,9,9,3
2022,26,9,9,4
2022,27,9,9,1
2022,28,9,9,6
2022,29,9,9,1
2022,30,9,9,3
2022,31,9,9,0
2022,32,9,9,1
2022,33,9,9,4
2022,34,9,9,2
2023,1,9,9,1
2023,2,9,9,2
2023,3,9,9,3
2023,4,9,9,3
2023,5,9,9,1
2023,6,9,9,1
2023,7,9,9,2
2023,8,9,9,0
2023,9,9,9,2
2023,10,9,9,3
2023,11,9,9,4
2023,12,9,9,4
2023,13,9,9,1
2023,14,9,9,2
2023,15,9,9,2
2023,16,9,9,3
2023,17,9,9,4
2023,18,9,9,3
2023,19,9,9,3
2023,20,9,9,3
2023,21,9,9,4
2023,22,9,9,2
2023,23,9,9,4
2023,24,9,9,2
2023,25,9,9,1
2023,26,9,9,1
2023,27,9,9,5
2023,28,9,9,1
2023,29,9,9,1
2023,30,9,9,2
2023,31,9,9,3
2023,32,9,9,4
2023,33,9,9,3
2023,34,9,9,1
2024,1,9,9,2
2024,2,9,9,2
2024,3,9,9,1
2024,4,9,9,2
2024,5,9,9,2
2024,6,9,9,3
2024,7,9,9,0
2024,8,9,9,5
2024,9,9,9,3
2024,10,9,9,4
2024,11,9,9,0
2024,12,9,9,2
2024,13,9,9,3
2024,14,9,9,1
2024,15,9,9,0
2024,16,9,9,0
2024,17,9,9,1
2024,18,9,9,1
2024,19,9,9,4
2024,20,9,9,3
2024,21,9,9,4
2024,22,9,9,2
2024,23,9,9,3
2024,24,9,9,1
2024,25,9,9,4
2024,26,9,9,2
2024,27,9,9,1
2024,28,9,9,2
2024,29,9,9,2
2024,30,9,9,5
2024,31,9,9,2
2024,32,9,9,6
2024,33,9,9,3
2024,34,9,9,1
2025,1,9,9,2
2025,2,9,9,2
2025,3,9,9,1
2025,4,9,9,1
2025,5,9,9,2
2025,6,9,9,2
2025,7,9,9,3
2025,8,9,9,0
2025,9,9,9,3
2025,10,9,9,2
2025,11,9,9,2
2025,12,9,9,3
2025,13,9,9,1
2025,14,9,9,2
2025,15,9,9,4
2025,16,9,9,4
2025,17,9,9,1
2025,18,9,9,5
2025,19,9,9,1
2025,20,9,9,2
2025,21,9,9,2
2025,22,9,9,1
2025,23,9,9,4
2025,24,9,9,1
2025,25,9,9,3
2025,26,9,9,3
2025,27,9,9,2
2025,28,9,9,4
2025,29,9,9,1
2025,30,9,9,2
2025,31,9,9,3
2025,32,9,9,4
2025,33,9,9,0
2025,34,9,9,2
