match_id,competition,season,matchday,match_date,as_of,home_team,away_team,lambda_home,lambda_away,prob_home,prob_draw,prob_away,tip_home,tip_away,home_form,away_form,home_venue_form,away_venue_form,h2h,market_log_ratio,market_decay,home_season_matches,away_season_matches,home_log_adjustment,away_log_adjustment,book_prob_home,book_prob_draw,book_prob_away,bookmaker_weight,home_external_prior,away_external_prior,rho,actual_home,actual_away,hybrid_home,hybrid_away,internal_alternative_probability,original_alternative_probability,original_points,hybrid_points,tip_strategy,target_points,target_probability
6bb307f01a3b2ad84fa9,D1,2026,1,2026-08-28 18:30:00,2026-08-27 23:02:21.189,Bayern München,Stuttgart,3.457998342943259,1.235688885550627,0.7597635323627838,0.1384438185368859,0.1017926491003305,3,1,0.6064331919177132,0.0793043377027551,0.5364870587825914,-0.06306638819982498,0.3127403460373817,0.9024846073656982,1.0,0,0,0.09487723479264511,-0.0605903583116217,0.7597635323627836,0.1384438185368859,0.1017926491003305,1,False,False,-0.0833724774227757,5,1,3,1,,,2,2,,,
22f6d2bbcacca85c4e94,D1,2026,1,2026-08-29 13:30:00,2026-08-27 23:02:21.189,SV 07 Elversberg,Bayer 04 Leverkusen,1.293377488598827,2.089828489386681,0.1890067127751818,0.2126699285138446,0.5983233587109735,1,2,0.0,0.1085553461437785,0.0,0.06441827418432762,0.0,-2.304424485545185,1.0,0,0,-0.06303837944581857,0.0684661467530075,0.1890067127751818,0.2126699285138446,0.5983233587109736,1,True,False,-0.0833724774227757,3,2,1,2,,,0,0,,,
653618508398d01c2059,D1,2026,1,2026-08-29 13:30:00,2026-08-27 23:02:21.189,1. FC Köln,TSG 1899 Hoffenheim,1.5141532796359,1.810048499099059,0.3263149467203817,0.2595728089316828,0.4141122443479353,1,2,-0.3313365215200784,0.008630932660796408,-0.218202384952365,-0.08335591044028141,0.03074971560288976,-0.8673310618139876,1.0,0,0,-0.05371098955025286,0.03757571010728876,0.3263149467203818,0.2595728089316829,0.4141122443479353,1,False,False,-0.0833724774227757,3,2,1,2,,,0,0,,,
708e2123f5ca35c9bbfd,D1,2026,1,2026-08-29 13:30:00,2026-08-27 23:02:21.189,RB Leipzig,Borussia Mönchengladbach,2.236610885135754,1.082567221251558,0.6064858214505091,0.2123987348397235,0.1811154437097673,2,1,0.1739150571089665,0.07627102730345321,0.5079051322026105,-0.4410854605166711,0.06423537181011098,1.356429967112609,1.0,0,0,0.05070047211404477,-0.03819116789342378,0.6064858214505091,0.2123987348397236,0.1811154437097674,1,False,False,-0.0833724774227757,3,0,2,1,,,2,2,,,
82cabbd96c7ed6737915,D1,2026,1,2026-08-29 13:30:00,2026-08-27 23:02:21.189,1. FSV Mainz 05,SC Paderborn 07,1.821695556115228,1.182963790615469,0.5661095762026622,0.2360311820586826,0.1978592417386553,2,1,0.1056578525215175,0.0,-0.178846394666652,0.0,0.0,1.558258779813898,1.0,0,0,0.0495222547474992,-0.04423936212142333,0.5661095762026621,0.2360311820586826,0.1978592417386553,1,False,True,-0.0833724774227757,0,0,2,1,,,0,0,,,
86c65e74175f7f6e192f,D1,2026,1,2026-08-29 13:30:00,2026-08-27 23:02:21.189,1. FC Union Berlin,Eintracht Frankfurt,1.373771629981228,1.566091554605506,0.3676826988944221,0.2657879642670045,0.3665293368385734,2,1,0.06372668920840616,-0.2818415415544404,-0.005269858810469191,-0.1937756365411125,0.008624327240902153,-1.088018051296818,1.0,0,0,-0.006304488921812696,-0.00460125369548902,0.367682698894422,0.2657879642670046,0.3665293368385734,1,False,False,-0.0833724774227757,3,3,1,2,0.4108400442097382,0.3665293368385734,0,0,,,
5c8e23fa0199c479fb15,D1,2026,1,2026-08-29 16:30:00,2026-08-27 23:02:21.189,Borussia Dortmund,Hamburger SV,2.452647223093481,0.8106057518819993,0.7236740077557786,0.1689106139437488,0.1074153783004727,2,0,0.2912947023330044,-0.03685838245772449,0.4215907297245185,-0.0564744327293527,0.05102125628191472,1.576166840199263,1.0,0,0,0.07292762317526397,-0.06020580718149997,0.7236740077557785,0.1689106139437488,0.1074153783004727,1,False,False,-0.0833724774227757,2,0,2,0,,,4,4,,,
0abf98d4e232e6b3247e,D1,2026,1,2026-08-30 13:30:00,2026-08-27 23:02:21.189,SC Freiburg,SV Werder Bremen,1.793455867896067,1.104224083743307,0.4773053068195132,0.2652431705214989,0.2574515226589881,2,1,0.09624824935564312,-0.3359831333857168,0.2073461093070846,-0.1965273698861315,0.2168139905055951,0.5651868329848782,1.0,0,0,0.05139435195475187,-0.06338109615625555,0.4773053068195131,0.2652431705214989,0.257451522658988,1,False,False,-0.0833724774227757,4,1,2,1,,,2,2,,,
e996a73221757d1115c5,D1,2026,1,2026-08-30 15:30:00,2026-08-27 23:02:21.189,FC Augsburg,FC Schalke 04,1.534655049438859,1.23141200790835,0.4428083924361623,0.2577590905292849,0.2994325170345528,2,1,0.08426276014149843,-0.1599214981951127,0.2072551118721817,-0.2901954615880608,0.007108632729184379,0.8649427172827191,1.0,0,0,0.03840135049243268,-0.04218428739511339,0.4428083924361623,0.257759090529285,0.2994325170345528,1,False,True,-0.0833724774227757,3,0,2,1,,,2,2,,,
fe93dc1c8dcd334212d6,D1,2026,2,2026-09-04 18:30:00,2026-08-31 12:40:47.129,Stuttgart,1. FC Köln,2.497359935512084,1.106154328562921,0.635826165535367,0.1937167695366929,0.1704570649279401,2,1,-0.1312004071632918,-0.1150946377000564,0.4131454703288586,-0.3580395168776618,0.1934228894285663,1.253454531455157,0.9,1,1,0.03050856259784299,-0.0428233148410104,0.635826165535367,0.1937167695366929,0.1704570649279401,1,False,False,-0.0824121816807098,4,1,2,1,,,2,2,target-score,24.0,0.008264724963920474
1836d893c89aaa301cd8,D1,2026,2,2026-09-05 13:30:00,2026-08-31 12:40:47.129,Bayer 04 Leverkusen,1. FC Union Berlin,2.340849136419719,0.8679302550666241,0.6527150126744886,0.1939290048034021,0.1533559825221093,2,0,-0.03145274789474044,0.05625126942876654,0.2077686228118225,-0.1861909289717955,0.1212036468262648,1.46145491558424,0.9,1,1,0.03298507968104626,-0.03174515360434495,0.6527150126744886,0.1939290048034021,0.1533559825221093,1,False,False,-0.0824121816807098,4,0,2,0,,,2,2,target-score,24.0,0.008264724963920474
196967c8be372d4446f2,D1,2026,2,2026-09-05 13:30:00,2026-08-31 12:40:47.129,TSG 1899 Hoffenheim,Borussia Dortmund,1.379225559361536,2.220154739518155,0.3311676424610632,0.2472018455180609,0.4216305120208758,1,2,-0.08673899045636477,0.3750376943434343,0.1968692947863721,0.2199879990333437,-0.0703318856986594,-0.505965553363933,0.9,1,1,-0.04232660299842965,0.05674153819278313,0.3311676424610632,0.247201845518061,0.4216305120208758,1,False,False,-0.0824121816807098,2,3,1,2,,,3,3,target-score,24.0,0.008264724963920474
2c1b1f61dae29a68bf23,D1,2026,2,2026-09-05 13:30:00,2026-08-31 12:40:47.129,Borussia Mönchengladbach,SV 07 Elversberg,0.9718283021525254,1.020675030331853,0.5301525613881883,0.2405691810869523,0.2292782575248595,1,0,-0.09026236890375099,0.28,0.3552272938922876,0.0,0.0,0.9434382602475176,0.9,1,1,-0.001798876034805951,0.0112857575896184,0.5301525613881883,0.2405691810869523,0.2292782575248594,1,False,True,-0.0824121816807098,3,4,0,1,0.3471239421228518,0.2292782575248595,0,3,target-score,24.0,0.008264724963920474
3ef98259e39407a7d1ff,D1,2026,2,2026-09-05 13:30:00,2026-08-31 12:40:47.129,SV Werder Bremen,RB Leipzig,1.071380141069194,1.998797578745815,0.2629053233891644,0.2410245504262601,0.4960701261845755,1,2,-0.4652459336256646,0.2882803787218566,-0.2748142709007878,-0.05555063608732998,-0.1534744791102035,-1.317368858141296,0.9,1,1,-0.09825313556234865,0.08940485781715823,0.2629053233891644,0.2410245504262601,0.4960701261845754,1,False,False,-0.0824121816807098,3,1,1,2,,,0,0,target-score,24.0,0.008264724963920474
93a2d70189ea0d824a2f,D1,2026,2,2026-09-05 13:30:00,2026-08-31 12:40:47.129,SC Paderborn 07,SC Freiburg,0.7590371808800084,0.7308371571513921,0.2976904668794259,0.261677635514704,0.4406318976058701,0,1,-0.05303030303030305,0.2311970193120578,0.0,-0.2408987410079869,0.0,-1.883538476002832,0.9,1,1,-0.05924249697869692,0.06815083279278467,0.2976904668794259,0.261677635514704,0.4406318976058701,1,True,False,-0.0824121816807098,0,1,0,0,0.3894947034325192,0.261677635514704,4,0,target-score,24.0,0.008264724963920474
46b27ad7a0c1aeac0213,D1,2026,2,2026-09-05 16:30:00,2026-08-31 12:40:47.129,FC Schalke 04,Bayern München,0.5814287606033083,2.130917283830024,0.07219563661013333,0.1204403836304302,0.8073639797594366,0,2,-0.2606488961374182,0.6430902968199493,0.1580992801175166,0.5729356947719688,-0.1579641980625356,-2.5,0.9,1,1,-0.1223676143578661,0.1414896843919926,0.07219563661013333,0.1204403836304302,0.8073639797594366,1,True,False,-0.0824121816807098,0,0,0,2,,,0,0,target-score,24.0,0.008264724963920474
b3353348cbd04e1ff351,D1,2026,2,2026-09-06 13:30:00,2026-08-31 12:40:47.129,Hamburger SV,1. FSV Mainz 05,1.163477961233991,1.24494279777886,0.3382036246525856,0.2653092582631121,0.3964871170843023,0,1,-0.1468477793569947,0.0271666974189165,-0.05314573459975516,0.4091902018080153,0.1313722989874821,-0.5493236148885366,0.9,1,1,-0.02183427919226327,0.01585022509535935,0.3382036246525855,0.2653092582631121,0.3964871170843024,1,False,False,-0.0824121816807098,0,5,0,1,,,2,2,target-score,24.0,0.008264724963920474
07d487956b1e7b9b51b3,D1,2026,2,2026-09-06 15:30:00,2026-08-31 12:40:47.129,Eintracht Frankfurt,FC Augsburg,2.000233932220275,1.225487524945482,0.4905409787384747,0.2374812894283888,0.2719777318331363,2,1,-0.2338600371575033,0.2848470865447723,-0.09336271043772691,-0.03708389006556388,0.05544313858949421,0.7999606739053715,0.9,1,1,-0.01685708595064337,0.01940643842000682,0.4905409787384748,0.2374812894283888,0.2719777318331364,1,False,False,-0.0824121816807098,1,4,2,1,,,0,0,target-score,24.0,0.008264724963920474
