match_id,competition,season,matchday,match_date,as_of,home_team,away_team,lambda_home,lambda_away,rho,prob_home,prob_draw,prob_away,tip_home,tip_away,home_form,away_form,home_venue_form,away_venue_form,h2h,market_log_ratio,market_decay,home_season_matches,away_season_matches,home_log_adjustment,away_log_adjustment,book_prob_home,book_prob_draw,book_prob_away,bookmaker_weight,home_external_prior,away_external_prior,tip_strategy,target_points,target_probability,tipp
7d15ca84316a1c0324dd,D1,2026,5.0,2026-10-09 18:30:00,2026-10-09 06:57:33,Borussia Dortmund,SV Werder Bremen,2.6836739063953217,0.7430115984425714,-0.07359800232763822,0.7788970687326491,0.1472657624584185,0.0738371688089326,2,0,0.6337994649172386,-0.009861976584042108,0.5409511131215236,-0.2438280796121053,0.21621879025985724,1.2667503621066698,0.6,4.0,4.0,0.09368524026551887,-0.06248836584885904,0.7201052227535841,0.16577926641616164,0.11411551083025423,0.0,False,False,expected-points,,,2:0
1543161238d83f526f98,D1,2026,5.0,2026-10-10 13:30:00,2026-10-09 06:57:33,FC Augsburg,Bayern München,1.0192085079353628,3.221385215190539,-0.07359800232763822,0.07957698764724011,0.12498396764472816,0.7954390447080316,1,3,0.1085292355547607,0.5568275943586749,0.23503879224384,0.4802123258818135,-0.16947489588766845,-1.9008653076160433,0.6,4.0,4.0,-0.05397518057108175,0.08724302206675354,0.0862612443605012,0.11392677089213649,0.7998119847473623,0.0,False,False,expected-points,,,1:3
266bb828448b77c48063,D1,2026,5.0,2026-10-10 13:30:00,2026-10-09 06:57:33,SC Paderborn 07,Stuttgart,1.1327139303304032,1.679495432077934,-0.07359800232763822,0.24848979423718165,0.25849037715788614,0.49301982860493226,1,2,-0.0785654600658766,-0.1611003910327902,0.09758165136699253,-0.30388544507922904,0.0,-2.4652599214018607,0.6,4.0,4.0,-0.03678042527597606,0.024797132721042718,0.19751207053439013,0.20729666007257994,0.59519126939303,0.0,True,False,expected-points,,,1:2
3de8e89cdfcbaac6047c,D1,2026,5.0,2026-10-10 13:30:00,2026-10-09 06:57:33,TSG 1899 Hoffenheim,Hamburger SV,2.260451242689256,1.089167182825921,-0.07359800232763822,0.631071267504411,0.2044439559368977,0.1644847765586912,2,1,-0.16038830018589187,-0.10731178281427005,0.11401014189910885,-0.33585272674411193,0.18492200351568788,1.0702012868353297,0.6,4.0,4.0,0.014625878600438654,-0.028010882750446747,0.6680977151169655,0.18977226539300202,0.14213001949003254,0.0,False,False,expected-points,,,2:1
52ae5359919ecad319e5,D1,2026,5.0,2026-10-10 13:30:00,2026-10-09 06:57:33,1. FSV Mainz 05,Bayer 04 Leverkusen,1.3087358162985283,1.7608991878249232,-0.07359800232763822,0.2777734647458493,0.24915416342307545,0.47307237183107526,1,2,0.17849980017991857,0.22474049883689542,-0.3486695504127987,-0.058159303796576856,-0.12162252174075193,-1.0820179795304112,0.6,4.0,4.0,-0.015698440703846683,0.03586045565468738,0.32333795470543547,0.24552853303254077,0.43113351226202384,0.0,False,False,expected-points,,,1:2
f204b03a5f396ed451c7,D1,2026,5.0,2026-10-10 13:30:00,2026-10-09 06:57:33,1. FC Union Berlin,SV 07 Elversberg,1.306375148299676,1.8990052457560724,-0.07359800232763822,0.2559144306500039,0.23845594947614723,0.5056296198738488,1,2,-0.2975096231223338,0.06455384471816078,-0.13695369133202068,0.14659859416765086,0.0,0.8429695699609453,0.6,4.0,4.0,-0.020334110998727235,0.008686322078518589,0.41229056145383425,0.2529883759289925,0.3347210626171732,0.0,False,True,expected-points,,,1:2
d0abf2823e29b3112005,D1,2026,5.0,2026-10-10 16:30:00,2026-10-09 06:57:33,RB Leipzig,Eintracht Frankfurt,2.38139886488473,1.3521142504008459,-0.07359800232763822,0.5970770846322637,0.20146624880306846,0.20145666656466799,2,1,-0.009479299406712173,-0.11965913674075775,0.7023600018950815,0.023843058063638168,0.10019260666003141,0.3688806061023636,0.6,4.0,4.0,0.015577866320903695,-0.02203478812827719,0.6128698514099296,0.19538983830429033,0.19174031028578017,0.0,False,False,expected-points,,,2:1
182b4b280741898e33ab,D1,2026,5.0,2026-10-11 13:30:00,2026-10-09 06:57:33,1. FC Köln,Borussia Mönchengladbach,1.6894121445192847,1.472050673242209,-0.07359800232763822,0.4216342389055199,0.24994075722870976,0.32842500386577045,2,1,-0.3384248718009572,-0.3603464545933542,-0.05112382724169749,-0.5483454133301088,-0.07232408075034763,-0.06748514409993783,0.6,4.0,4.0,-0.020453645649444463,-0.014484920670271111,0.4694905499733775,0.23907144414358986,0.2914380058830327,0.0,False,False,expected-points,,,2:1
fa5021456ba99c8ca584,D1,2026,5.0,2026-10-11 15:30:00,2026-10-09 06:57:33,SC Freiburg,FC Schalke 04,1.6409695867848604,0.9025440825866964,-0.07359800232763822,0.5391169582952949,0.26300394729115234,0.1978790944135526,1,0,0.31196795456121656,-0.08419879914006467,0.41666358211188986,-0.18789545501224725,0.14655419959771024,1.2816019721340361,0.6,4.0,4.0,0.06195847497502095,-0.050570017203963355,0.5786765267276547,0.233611610480169,0.18771186279217636,0.0,False,True,expected-points,,,1:0
