team,att,def,elo,squad_value_eur,market_value_gk_eur,market_value_def_eur,market_value_mid_eur,market_value_att_eur,att_norm,def_quality_norm,elo_norm,mv_norm,market_value_attack_eur,market_value_defense_eur,mv_att_norm,mv_def_norm,strength_combined
Abkhazia,-0.2888967324493554,-0.2729764343665061,1584.127308469782,,,,,,0.5460265221849149,0.6493397405496061,0.560601502741961,0.1387960625782715,,,,,0.45114318694979927
Afghanistan,-0.7937269228777586,0.33773907392676594,1323.2353637160202,,,,,,0.43235054837678627,0.5279274268607379,0.32796233019320903,0.1387960625782715,,,,,0.357739600439862
Albania,0.42034621829624247,-1.09370412319196,1573.5272507487575,,,,,,0.7057314776752716,0.8125031877777459,0.551149357105515,0.1387960625782715,,,,,0.5468855686148145
Alderney,-1.1423576426685518,1.3927143895424694,1297.740820071018,,,,,,0.3538470489366754,0.3181947572065758,0.3052286672444383,0.1387960625782715,,,,,0.2755568419274056
Algeria,1.0054437372789935,-0.9771301321616506,1719.8132897974401,256600000.0,2100000.0,68800000.0,98000000.0,87700000.0,0.8374817800623812,0.7893278831150409,0.681593641661101,0.15359708262226576,153033333.3333333,103566666.66666666,0.14557157888221822,0.15847292060340132,0.6046890827533835
American Samoa,-2.257091672091402,2.9932643418450855,1215.2420615016956,,,,,,0.10283496856928055,0.0,0.2316639469998908,0.1387960625782715,,,,,0.10079745247271873
Andorra,-0.5867787042919348,-0.34377601661115464,1120.7284615928575,,,,,,0.47895045607176273,0.6634149375468964,0.1473855086673142,0.1387960625782715,,,,,0.38986376365205394
Angola,0.36574468940581045,-0.8063754074575056,1523.3741819845316,,,,,,0.6934364880218887,0.7553812648973808,0.5064275147768743,0.1387960625782715,,,,,0.5238296572831751
Anguilla,-1.7578864118758184,1.4666684787200945,1117.8735315631516,,,,,,0.21524433940542284,0.3034924335356063,0.1448397475844175,0.1387960625782715,,,,,0.2073314207077228
Antigua and Barbuda,-1.2137346973622207,0.7127294712951061,1276.7468297145685,,,,,,0.3377746024909242,0.45337806445329926,0.286508179152594,0.1387960625782715,,,,,0.30185526367388915
Argentina,1.507943291414277,-1.280584952007949,2028.7958836112202,799500000.0,21000000.0,145500000.0,334000000.0,299000000.0,0.9506329489851518,0.8496557301686404,0.9571155824578893,0.5058756350941853,521666666.6666666,277833333.3333333,0.5258333161409228,0.4375407018330504,0.7926097134610076
Armenia,0.3752187192026906,-0.18423776809345693,1387.0673368048836,,,,,,0.6955698183643819,0.631698192824734,0.3848817472168473,0.1387960625782715,,,,,0.48150097812888343
Artsakh,-0.23860686879690143,0.5376478428079927,1533.3982949817641,,,,,,0.5573506254809547,0.4881848858134462,0.5153660864733381,0.1387960625782715,,,,,0.410294367792511
Aruba,-0.36255915643226433,0.7095141483866794,1296.3251825276056,,,,,,0.5294394639263379,0.45401728154909543,0.30396633334202805,0.1387960625782715,,,,,0.37084358486917635
Australia,1.0411896511562113,-1.1586356841948253,1832.3269859968048,77600000.0,3500000.0,35200000.0,21100000.0,17800000.0,0.8455309253922315,0.8254118022565549,0.7819228917992251,0.03744703492936909,31866666.666666664,45733333.333333336,0.020582753949096713,0.06585956933457174,0.591715174110153
Austria,1.0357687099668167,-1.0671766443683577,1721.7077558329502,231700000.0,6400000.0,95000000.0,110300000.0,20000000.0,0.8443102559862713,0.8072294350457956,0.6832829502801875,0.13743989721694103,93533333.33333333,138166666.66666666,0.0841946731035052,0.21388079300515644,0.6068762125497449
Aymara,-1.0103811634525135,1.0546567566986123,1476.4275542806756,,,,,,0.3835650711134396,0.3854017608054507,0.46456487837663,0.1387960625782715,,,,,0.318693521702211
Azerbaijan,0.12561412273115224,-0.31087416856880645,1349.532928462016,,,,,,0.6393646901670991,0.6568739386018643,0.3514120526763232,0.1387960625782715,,,,,0.4647761502500645
Bahamas,-1.15451298360093,1.5013091569323234,1170.625379192514,,,,,,0.3511099499206967,0.2966057492572719,0.19187893921026683,0.1387960625782715,,,,,0.25786663248107
Bahrain,0.3160839315417879,-0.5408916908296679,1536.2383138700172,,,,,,0.6822540446631589,0.7026022019052109,0.517898551187071,0.1387960625782715,,,,,0.5078681400005969
Bangladesh,-0.6137630912816496,0.48531789482542276,1256.4677663852938,,,,,,0.4728742020623341,0.49858825689786107,0.26842519649309127,0.1387960625782715,,,,,0.3586343733690728
Barawa,-0.7740161374663677,1.3851123086258155,1452.3505650176282,,,,,,0.43678895711034776,0.31970607666777695,0.4430952585886095,0.1387960625782715,,,,,0.31875099878790836
Barbados,-0.42379066390056286,0.8806121499424215,1247.559241270894,,,,,,0.5156515578716471,0.42000241872945243,0.26048140231730793,0.1387960625782715,,,,,0.3531656089426518
Basque Country,0.9130690708499671,-0.8203456728841056,1563.4898847587613,,,,,,0.8166811616354016,0.758158601030585,0.5421989676226752,0.1387960625782715,,,,,0.5712367723657858
Belarus,0.4902579232238689,-0.4422901571276322,1449.9977754876516,,,,,,0.7214739615617649,0.6829998826952552,0.4409972597027038,0.1387960625782715,,,,,0.5090044019641834
Belgium,1.3617519244197451,-1.0671852896682,1873.8847923904773,548900000.0,78000000.0,144500000.0,177400000.0,149000000.0,0.9177140659220325,0.8072311537607162,0.8189802785326107,0.34326556832413,267266666.66666666,281633333.3333333,0.2634083610131144,0.44362595949567085,0.7078854098633904
Belize,-0.5610254373241889,0.5444107183426133,1338.6720954584448,,,,,,0.48474949059229117,0.48684040322753186,0.34172737189583496,0.1387960625782715,,,,,0.3671839784772498
Benin,0.569952402073092,-0.5163823465868657,1542.9257655092185,,,,,,0.7394192977601188,0.6977296611704396,0.5238617986045868,0.1387960625782715,,,,,0.5272541681425916
Bermuda,0.02112900305928045,0.7702855719922291,1388.8988283057658,,,,,,0.615837080383937,0.4419357164898815,0.3865149010027853,0.1387960625782715,,,,,0.40631721613060834
Bhutan,-1.2114812656294744,1.1292239639542005,1108.7687314184006,,,,,,0.3382820227115982,0.370577547181796,0.13672093359077053,0.1387960625782715,,,,,0.26635400687706684
Biafra,-1.645374368578619,0.12497584183933108,1512.862132033746,,,,,,0.24057942500340943,0.5702254787766756,0.4970538462849244,0.1387960625782715,,,,,0.3181033718473361
Bolivia,0.8227687940222264,-0.5259670785558791,1659.6715098289944,,,,,,0.7963476473207644,0.6996351383830581,0.6279647956625257,0.1387960625782715,,,,,0.558065759497766
Bonaire,-0.7164746432010874,0.8323401182444399,1320.5008087814526,,,,,,0.44974595833372893,0.42959906229806455,0.32552390842488904,0.1387960625782715,,,,,0.33900206060729166
Bosnia and Herzegovina,0.5542011328003036,-0.7221401846801787,1557.6109418846356,150700000.0,7200000.0,59100000.0,24900000.0,59500000.0,0.735872479627513,0.7386350170084516,0.5369566731279608,0.08488037842853528,76100000.0,74600000.0,0.0662114116344481,0.1120861757892152,0.521373902963099
Botswana,0.10164346343778541,-0.2658769501643232,1407.2797610547238,,,,,,0.633967057280516,0.6479283390193036,0.4029053073429572,0.1387960625782715,,,,,0.46579990431078366
Brazil,1.4812022895964287,-1.432188649802729,1979.4163150395389,943200000.0,25700000.0,217500000.0,161000000.0,539000000.0,0.9446114996346896,0.8797950593048725,0.9130834756629758,0.5991201147225053,646333333.3333334,296866666.6666667,0.6544325472963216,0.46802036959933385,0.8216071716814086
British Virgin Islands,-0.9696818846421214,0.9146829099233589,1154.750802249364,,,,,,0.3927295985917462,0.41322903612781514,0.1777234678786336,0.1387960625782715,,,,,0.3001737841004098
Brunei,-1.2298277878510353,1.1817265631159057,1161.2603638596127,,,,,,0.3341508142001608,0.3601398524575926,0.1835280895126695,0.1387960625782715,,,,,0.26697937580920283
Bulgaria,0.4239705951124417,-0.4485041527743576,1476.6531860995537,,,,,,0.7065476027245271,0.6842352460984704,0.464766075848227,0.1387960625782715,,,,,0.5064658988365063
Burkina Faso,0.8316536913480386,-0.6281915118866581,1632.748674734847,,,,,,0.7983483187838554,0.719957702322704,0.6039575152350658,0.1387960625782715,,,,,0.5614459074520134
Burundi,0.006579234173461734,-0.3353752624444404,1371.8506321808763,,,,,,0.6125608120898893,0.6617448391356696,0.3713129052352025,0.1387960625782715,,,,,0.4586026033123804
Cambodia,-0.40796417938324175,0.6666243491312032,1212.7763457533026,,,,,,0.5192153127214492,0.462543919059597,0.22946525101489987,0.1387960625782715,,,,,0.36194668309237793
Cameroon,0.702924246314796,-1.0863969757084726,1688.471423090181,,,,,,0.7693614529042301,0.8110505020830345,0.6536458798250969,0.1387960625782715,,,,,0.5790425407932303
Canada,0.9552979446124785,-1.110159472428782,1748.9445982562697,196150000.0,5850000.0,67500000.0,47800000.0,75000000.0,0.8261901181890903,0.8157745669981364,0.7075702332401205,0.11437210841536295,106866666.66666666,89283333.33333333,0.09794860156932325,0.13559982491539355,0.5981788389643365
Cape Verde,0.8660988772120237,-0.7067529897640619,1622.6398882942322,55950000.0,1400000.0,36000000.0,9450000.0,9100000.0,0.806104570530146,0.7355759904886106,0.5949434396366938,0.02339871910506064,15400000.0,40550000.0,0.0035966522938114215,0.05755906436494465,0.5325445570028913
Cascadia,0.16044338516436352,0.7745060150566321,1517.4775489382484,,,,,,0.6472074269906523,0.4410966780992021,0.5011694458318723,0.1387960625782715,,,,,0.4285525323281975
Catalonia,0.8843226537056363,-0.449622194914687,1547.9626358377818,,,,,,0.8102081395691036,0.6844575166667067,0.5283532111186002,0.1387960625782715,,,,,0.5491613679012044
Cayman Islands,-1.193626680592396,0.920203580268138,1241.3029230267828,,,,,,0.342302458453184,0.41213150814535676,0.2549025995647529,0.1387960625782715,,,,,0.28996781622491036
Central African Republic,0.29220207759375955,0.09561835167586008,1354.4956228117073,,,,,,0.6768764086672175,0.576061847358188,0.35583732195098117,0.1387960625782715,,,,,0.45814475584165276
Chad,-0.26355229714174866,0.0718995562756563,1267.9261332388671,,,,,,0.5517334973596056,0.580777224302683,0.2786427023884584,0.1387960625782715,,,,,0.40780411916386
Chagos Islands,-0.48680918537195267,1.779237585073183,1436.5691318985128,,,,,,0.501461257980649,0.24135263542233076,0.4290228442565776,0.1387960625782715,,,,,0.32039070234794903
Chameria,-0.29054932351990853,0.6679280328743468,1512.7962200114434,,,,,,0.545654397254961,0.4622847423113007,0.4969950720734631,0.1387960625782715,,,,,0.3978885505978893
Chile,0.740743830843154,-0.8737700586449999,1657.7834215293703,,,,,,0.7778775404556335,0.7687795500560386,0.6262811741151525,0.1387960625782715,,,,,0.5687189628584781
China PR,0.23773019174607207,-0.48225540285097823,1547.4990774824187,,,,,,0.6646106116005913,0.6909451090478264,0.5279398528896924,0.1387960625782715,,,,,0.49978279538461423
Colombia,1.2730820645872822,-1.3952816158085468,1896.6577119584902,297750000.0,3150000.0,72800000.0,62300000.0,159500000.0,0.8977476834532426,0.8724578158129723,0.8392870502492388,0.1802986159326719,201033333.3333333,96716666.66666666,0.19508572135916322,0.14750344297473014,0.6703444329666034
Comoros,0.2840369987963925,-0.34087220924638073,1437.9396149439083,,,,,,0.6750378235328318,0.6628376507973766,0.4302449135771687,0.1387960625782715,,,,,0.48663596106703355
Congo,0.13757526840835033,-0.04751521857100022,1367.0496841551603,,,,,,0.6420580609450285,0.6045172864197981,0.367031866289342,0.1387960625782715,,,,,0.4541916483381251
Cook Islands,-2.7137774169010633,2.2248358044662875,1271.7140781561054,,,,,,0.0,0.1527661985994807,0.28202043937469723,0.1387960625782715,,,,,0.10803241236082135
Corsica,0.13116752295159662,-0.5783203134331962,1528.981414541196,,,,,,0.6406151862546441,0.7100431389811034,0.5114275232804026,0.1387960625782715,,,,,0.49450767103592297
Costa Rica,0.6104110144789197,-0.5610056989077458,1685.0082244370408,,,,,,0.7485296327823867,0.7066009349079814,0.6505577213547429,0.1387960625782715,,,,,0.5453301961097864
County of Nice,0.415100935676251,0.5950912593166626,1554.4769100367355,,,,,,0.7045503624784558,0.4767649398487504,0.5341620350009574,0.1387960625782715,,,,,0.4608388841032243
Croatia,1.2394941945838878,-1.20987433969392,1787.3991761567877,387700000.0,13500000.0,195500000.0,134000000.0,44700000.0,0.8901844792250316,0.8355982206952112,0.7418604494134545,0.2386656371057225,134033333.33333333,253666666.66666666,0.12597223081842754,0.39884059827691126,0.666249858975626
Cuba,-0.23586615622309878,0.17655396350831992,1441.1165733258372,,,,,,0.5579677699716414,0.5599715733124792,0.43307782959491437,0.1387960625782715,,,,,0.42022821455116716
Curacao,0.3769717350540876,-0.4136789890675917,1591.5797983540674,25835000.0,225000.0,11380000.0,6950000.0,7280000.0,0.695964556610602,0.6773118854783212,0.5672469401154469,0.003857609125889781,11913333.333333332,13921666.666666666,0.0,0.014916888191397368,0.47079754293260256
Cyprus,0.3324437011673617,-0.2936956105066306,1351.098881934045,,,,,,0.6859378828699934,0.6534587830149429,0.3528084243440132,0.1387960625782715,,,,,0.4803626159661162
Czech Republic,0.916997658664402,-0.6800580198481256,1635.038110314434,188180000.0,28000000.0,58100000.0,56680000.0,45400000.0,0.8175657878997652,0.7302689399596233,0.6059990209601333,0.10920051131976302,83186666.66666666,104993333.33333333,0.07352162461403039,0.16075756119954307,0.5620753162467658
DR Congo,0.738302213192148,-1.114580832109163,1669.9435629102559,141750000.0,6200000.0,30700000.0,59650000.0,45200000.0,0.7773277451592989,0.8166535482932831,0.6371244572667082,0.07907287604389045,84966666.66666666,56783333.33333333,0.07535777406421709,0.08355485806403398,0.5636624064189133
Denmark,1.240342438907082,-1.2097683511665827,1759.355191195947,,,,,,0.8903754840446612,0.8355771498166208,0.7168534318053897,0.1387960625782715,,,,,0.633849868823807
Djibouti,-0.2310959828003023,0.5382612268151384,1145.0477027049071,,,,,,0.5590419016684995,0.4880629429931379,0.16907114612408064,0.1387960625782715,,,,,0.3762263347181488
Dominica,-0.7452590944243183,0.7410611225444629,1263.5478022517266,,,,,,0.4432643718807543,0.4477456361260352,0.2747385140128675,0.1387960625782715,,,,,0.33619160936454096
Dominican Republic,0.2422081430391046,-0.02781846006414096,1482.7764870053034,,,,,,0.6656189416956455,0.6006015040464769,0.4702262661094676,0.1387960625782715,,,,,0.47177845098952337
Donetsk PR,-0.2684881736437443,0.032538217461430874,1501.3426953201858,,,,,,0.5506220531975897,0.5886023919141654,0.4867818839681126,0.1387960625782715,,,,,0.4301853237679905
Délvidék,-0.0008164016569778831,0.4663408896282029,1497.68340607586,,,,,,0.6108954875492907,0.5023609498728915,0.48351887014558925,0.1387960625782715,,,,,0.429394363898515
Ecuador,0.7526152641014692,-1.5155037827227187,1805.267274633365,366400000.0,2900000.0,186000000.0,127500000.0,50000000.0,0.7805507100911341,0.8963583902105844,0.7577935578447398,0.2248444303132158,135000000.0,231400000.0,0.12696939063219934,0.3631831235520823,0.6405150309629817
Egypt,0.7179424936598695,-1.2291439090493557,1756.5402999791202,116680000.0,3050000.0,8830000.0,15500000.0,89300000.0,0.7727432116108435,0.8394290764168381,0.7143433736120812,0.06280538053740485,99633333.33333333,17046666.666666664,0.09048709537661696,0.019921211927105012,0.5705933446904342
El Salvador,-0.26153179610485155,-0.3494018378902921,1487.3204089977592,,,,,,0.5521884670252564,0.664533369891621,0.4742781131431072,0.1387960625782715,,,,,0.44846593601953716
Elba Island,-0.36129084579318815,-0.5577224823973272,1504.055810443979,,,,,,0.5297250578740094,0.705948220333915,0.48920118770715476,0.1387960625782715,,,,,0.45244976288357897
Ellan Vannin,-0.11405898925180485,0.3718306661805315,1540.5862419438495,,,,,,0.5853959004297681,0.5211499027326303,0.5217756290721414,0.1387960625782715,,,,,0.428992422514272
England,1.4468013722801676,-1.5362255558035882,1974.9102157090028,1373200000.0,66000000.0,376000000.0,561200000.0,370000000.0,0.9368652161319134,0.9004779489565462,0.909065355361608,0.8781397823646593,744133333.3333333,629066666.6666666,0.7553176125930968,1.0,0.9073707831308647
Equatorial Guinea,0.040198608692126714,-0.2884040569648436,1461.1980799599712,,,,,,0.6201311103994779,0.6524068042297433,0.4509846495670931,0.1387960625782715,,,,,0.46688487342744384
Eritrea,-0.6266997005373909,0.4160694533962781,1272.7832203650887,,,,,,0.46996117965835754,0.5123550818418628,0.2829738009630344,0.1387960625782715,,,,,0.36251138221067575
Estonia,0.23518768903201565,-0.33747485240045383,1346.1779664718072,,,,,,0.6640380993431828,0.6621622447376165,0.3484204095956166,0.1387960625782715,,,,,0.47443475568756127
Eswatini,0.12234115374197602,-0.07055787303958161,1311.978908899266,,,,,,0.6386276939570019,0.6090982442546204,0.317924870673814,0.1387960625782715,,,,,0.44922555978946865
Ethiopia,0.19451059028715728,-0.22330716563459263,1398.373223025539,,,,,,0.6548785662978488,0.639465321521295,0.39496328506496314,0.1387960625782715,,,,,0.47020897586454863
Falkland Islands,-1.1220720350439064,1.365860221395998,1342.6342408403193,,,,,,0.3584148942136472,0.3235334568835575,0.3452604446552378,0.1387960625782715,,,,,0.2824934404346711
Faroe Islands,0.27523241230635037,-0.5872629192989345,1387.2450600656257,,,,,,0.6730552361951291,0.7118209593472525,0.3850402242919473,0.1387960625782715,,,,,0.49366741370778455
Felvidék,-0.5210860279319462,0.2362268275928982,1506.2829317659418,,,,,,0.49374291321650443,0.548108405610717,0.49118712737269765,0.1387960625782715,,,,,0.40059465253920706
Fiji,-0.7263333951474178,1.0320680022313735,1494.9710116956378,,,,,,0.44752599754437744,0.38989248178105135,0.4811002090986323,0.1387960625782715,,,,,0.3438560592691396
Finland,0.5374231204222077,-0.6537865714392752,1503.0242865529183,,,,,,0.7320944629165347,0.7250460869422007,0.48828137063611743,0.1387960625782715,,,,,0.5279615395934305
France,1.4726357241516628,-1.5013108587624389,2021.4599273239223,1561000000.0,57000000.0,417000000.0,317000000.0,770000000.0,0.9426825090798687,0.8935367888059575,0.9505740589082007,1.0,981333333.3333333,579666666.6666666,1.0,0.9208916503859335,0.9483804812702634
Franconia,-0.6373410391692762,1.814826978000496,1495.0058126128454,,,,,,0.4675649986166195,0.23427734344200607,0.4811312413200018,0.1387960625782715,,,,,0.3119690282818
French Guiana,-0.14633255213428886,0.22327599435228396,1455.2781038436847,,,,,,0.5781286474831665,0.550683075168947,0.44570576544324203,0.1387960625782715,,,,,0.4262251907291507
Frøya,-1.7198927192119517,1.7776099765335562,1338.6951451712525,,,,,,0.22379963204445197,0.24167620951843993,0.3417479254860201,0.1387960625782715,,,,,0.21456253491725163
Gabon,0.5894681434995939,-0.26390871869071375,1555.7815391200318,,,,,,0.7438137871415138,0.6475370479290316,0.5353253818827768,0.1387960625782715,,,,,0.5173904444435469
Galicia,-0.20174969695788192,-0.02932378832547311,1515.0586820011456,,,,,,0.5656500001618917,0.600900768408668,0.49901252525970113,0.1387960625782715,,,,,0.43974276345828067
Gambia,0.8228057745733841,-0.1507798109354992,1475.0327951032075,,,,,,0.7963559744775875,0.6250466375020224,0.4633211618592143,0.1387960625782715,,,,,0.5229571854020642
Georgia,0.9219668383623469,-0.7864991712531451,1572.3970866694178,,,,,,0.8186847311640579,0.7514298017492745,0.5501415818884225,0.1387960625782715,,,,,0.5710500833070625
Germany,1.5123698784362674,-1.1618420005517462,1878.9765985356455,982000000.0,18500000.0,220000000.0,511500000.0,232000000.0,0.9516297130454474,0.8260492288193748,0.8235206776986662,0.6242967731050996,573000000.0,409000000.0,0.5787859407343223,0.6475888500998196,0.8092238064721468
Ghana,0.7142155017930953,-0.9746881030601622,1592.8022976245477,235880000.0,1880000.0,41000000.0,24000000.0,169000000.0,0.7719039800477094,0.7888423994499285,0.5683370512685314,0.14015222793960197,185000000.0,50880000.0,0.17854662237901703,0.07410135690569986,0.5662563663879141
Gibraltar,-0.5255938932341714,0.19849927867462808,1105.043417591208,,,,,,0.4927278471849118,0.5556087702514941,0.13339904518574336,0.1387960625782715,,,,,0.36633566236964843
Gotland,-0.20425972012654564,0.9318438883172953,1448.2833218650126,,,,,,0.5650848015398825,0.40981737543854385,0.43946846941168743,0.1387960625782715,,,,,0.385819690113245
Gozo,-1.0396821069848297,0.42006092860557326,1475.1809979294362,,,,,,0.3769671826497832,0.5115615630370979,0.4634533153563097,0.1387960625782715,,,,,0.34781305499581106
Greece,1.0503162488667175,-1.0291952220113858,1685.0726279943426,,,,,,0.8475860221395485,0.7996785995046427,0.6506151504574085,0.1387960625782715,,,,,0.603275091444225
Greenland,-0.872966654304262,1.4281607690852012,1490.8051403503923,,,,,,0.41450761068211633,0.3111478967719949,0.47738547247225943,0.1387960625782715,,,,,0.31224200395244683
Grenada,-0.28378992558014215,0.47509120315191444,1368.3109588543905,,,,,,0.5471764558753213,0.5006213578763073,0.36815655376354717,0.1387960625782715,,,,,0.39512157317527546
Guadeloupe,0.03670334461738595,-0.013387370749054384,1535.8633247905489,,,,,,0.6193440585255091,0.5977325545618112,0.517564170801181,0.1387960625782715,,,,,0.4595987949779805
Guam,-1.4058952463801766,1.1428176704454849,1154.4577279544944,,,,,,0.29450453276988847,0.3678750722416612,0.1774621314793128,0.1387960625782715,,,,,0.254430386451289
Guatemala,0.4618255808149248,-0.29903348509601957,1617.9942208835407,,,,,,0.715071661793916,0.6545199705814578,0.59080086550172,0.1387960625782715,,,,,0.5146239795968885
Guernsey,-0.5721826189785144,0.15780585648394552,1666.3090255692,,,,,,0.4822371537440663,0.5636987605546652,0.6338835148895151,0.1387960625782715,,,,,0.41473486421152245
Guinea,0.49488079991573214,-0.6317669706699691,1504.6897500331033,,,,,,0.7225149254734051,0.7206685156514733,0.4897664760743329,0.1387960625782715,,,,,0.5236628192094749
Guinea-Bissau,-0.11393379550888802,-0.4253750836120067,1389.6220943403077,,,,,,0.5854240911380708,0.6796371087295364,0.3871598423863426,0.1387960625782715,,,,,0.4551625120928246
Guyana,0.13871388574284155,0.26480076898934823,1486.41843541134,,,,,,0.6423144509881502,0.5424278091807223,0.4734738169851578,0.1387960625782715,,,,,0.44940321061303035
Haiti,0.6256947699299789,-0.27472294917170725,1648.3235830883991,55610000.0,900000.0,7280000.0,19630000.0,27800000.0,0.7519711777162784,0.6496869536144649,0.6178457699886298,0.023178098902738933,40886666.666666664,14723333.333333332,0.029887286556222623,0.016200664040397567,0.4943496572739983
Hitra,-0.31085662087489757,1.3847470798070656,1455.3835794903027,,,,,,0.5410816679570547,0.3197786853952582,0.4457998188153246,0.1387960625782715,,,,,0.3555420557887976
Hmong,-0.6917840342107984,1.9548481696883473,1483.6331650456284,,,,,,0.45530570708509627,0.2064406557904935,0.4709901719120404,0.1387960625782715,,,,,0.29970499739209255
Honduras,0.21715056504718327,-0.6516984985827501,1638.583843852071,,,,,,0.6599765600918678,0.7246309709786809,0.6091607763644741,0.1387960625782715,,,,,0.5147044351867528
Hong Kong,-0.16291320594235567,0.05944891266235236,1382.0836644453543,,,,,,0.574395071314895,0.5832524544671032,0.3804377717040378,0.1387960625782715,,,,,0.4265339845208743
Hungary,0.8643055677376323,-0.8661760639530749,1689.0769798401748,,,,,,0.8057007591006675,0.7672698381637301,0.6541858590160331,0.1387960625782715,,,,,0.5808701299012509
Iceland,0.9660521218240814,-0.5577396575800229,1510.1772419536073,,,,,,0.8286117078448054,0.7059516348184676,0.4946597110147942,0.1387960625782715,,,,,0.5576067963252597
India,-0.5970725364015341,-0.1719804505620668,1340.1965599508912,,,,,,0.47663252538643053,0.6292613965408733,0.3430867475501405,0.1387960625782715,,,,,0.40008422654896447
Indonesia,0.2825981828982746,-0.2250974990730863,1521.6022995222825,,,,,,0.6747138357812071,0.6398212458790201,0.5048475147877588,0.1387960625782715,,,,,0.48822872424543484
Iran,1.0438206795249958,-0.9468508369344384,1812.5038905395215,32650000.0,1850000.0,6950000.0,5850000.0,18000000.0,0.8461233715604857,0.7833082565614629,0.7642464988814986,0.00827974641654392,21900000.0,10750000.0,0.01030169242089772,0.009837833221236481,0.5708788179996487
Iraq,0.6060215515787926,-0.891570929904661,1732.4056009421174,21110000.0,1080000.0,4830000.0,5500000.0,9700000.0,0.7475412282076858,0.7723184236165824,0.6928222936148403,0.0007916371965661115,13366666.666666666,7743333.333333333,0.0014991782027741682,0.005023006544320959,0.5242387562972894
Iraqi Kurdistan,0.16864867126842326,-0.19586588890747603,1577.870297923836,,,,,,0.6490550658718803,0.6340099026678805,0.555022082659016,0.1387960625782715,,,,,0.48281277576151127
Isle of Man,0.26596330922137984,0.6669614188167587,1634.8858073968693,,,,,,0.6709680505642186,0.4624769084632687,0.6058632113829059,0.1387960625782715,,,,,0.45268318472506575
Isle of Wight,-0.33487931540815746,0.31784029707938966,1571.2462873262884,,,,,,0.5356723179491913,0.5318833711651001,0.5491154060622276,0.1387960625782715,,,,,0.4170065134531962
Israel,1.1390669418746897,-0.4863578063186267,1570.6926367210788,,,,,,0.8675706063524421,0.6917606807664559,0.5486217119437732,0.1387960625782715,,,,,0.5730908723828274
Italy,1.2093224062021275,-1.1056408310158878,1818.9205426814447,,,,,,0.8833904968308351,0.8148762457647312,0.7699682724925585,0.1387960625782715,,,,,0.6315413813547123
Ivory Coast,0.7414666132033085,-1.17170595174236,1673.7903019985154,520900000.0,8800000.0,158000000.0,63100000.0,291000000.0,0.7780402941700502,0.8280102157599445,0.6405546214266183,0.32509684577998976,333066666.6666667,187833333.33333334,0.33128399799192654,0.2934161782446701,0.6409011727761624
Jamaica,0.1930181523005387,-0.6417294659436448,1641.638569690991,,,,,,0.6545425041036819,0.7226490934898708,0.6118846967683809,0.1387960625782715,,,,,0.5125794382590759
Japan,1.4051643655172559,-1.4055929028810963,1852.0119232785416,279400000.0,24000000.0,55900000.0,67000000.0,132500000.0,0.9274895342096159,0.8745077346435699,0.7994760881051503,0.16839161383677997,177166666.66666666,102233333.33333333,0.1704661894053489,0.15633774247616605,0.673713363595807
Jersey,0.06152401224047982,0.4781728397788584,1720.9774403776455,,,,,,0.6249330934448127,0.5000087180665352,0.6826317228788126,0.1387960625782715,,,,,0.453630753283681
Jordan,0.9220904371566552,-0.720621947919337,1707.8436457872738,19890000.0,800000.0,3980000.0,2530000.0,12580000.0,0.8187125627271674,0.7383331863927917,0.67092022634789,0.0,14266666.666666666,5623333.333333333,0.002427568374216887,0.0016280733220168883,0.5382247161874955
Kabylia,-0.7053244717951561,1.2245080765954972,1478.1128697695062,,,,,,0.45225671663766714,0.35163474252648147,0.46606768598985543,0.1387960625782715,,,,,0.3344441238272709
Kazakhstan,0.29627395366157266,-0.44227906601057854,1438.8854153420632,,,,,,0.6777933001012301,0.6829976777435803,0.43108829040979074,0.1387960625782715,,,,,0.4927247222857861
Kenya,0.31958513794185545,-0.313504789862186,1466.3157956015532,,,,,,0.6830424346100697,0.6573969150341494,0.45554815241238467,0.1387960625782715,,,,,0.4906077148867817
Kernow,-0.4593731291947256,0.18769374558919857,1535.0069233999852,,,,,,0.5076392173470533,0.5577569468652009,0.5168005116891361,0.1387960625782715,,,,,0.410431832730164
Kosovo,0.8808688832832996,-0.9857177498798766,1660.121387282275,,,,,,0.809430431097002,0.791035130633872,0.6283659545353238,0.1387960625782715,,,,,0.5855348477694324
Kuwait,0.2573215892785948,-0.2164397924241419,1492.6273950417471,,,,,,0.6690221369708981,0.6381000644431246,0.4790103897305135,0.1387960625782715,,,,,0.48322262179712827
Kyrgyzstan,0.3703934675798431,-0.2401880327225211,1492.2099246323771,,,,,,0.6944832843426529,0.6428212951332103,0.4786381284455164,0.1387960625782715,,,,,0.4932771049212642
Kárpátalja,0.09024353808088792,0.07529143473272643,1555.4018995496867,,,,,,0.631400060217235,0.5801029073652022,0.5349868546216335,0.1387960625782715,,,,,0.46115325215297764
Laos,-0.584349083672188,0.8705726481476278,1147.9046124011068,,,,,,0.4794975499167241,0.42199830572534003,0.17161867248944118,0.1387960625782715,,,,,0.33212440492461404
Latvia,0.13187820581326914,-0.3776834536179795,1297.2260154210512,,,,,,0.640775215444461,0.670155850987531,0.30476961233607164,0.1387960625782715,,,,,0.46392606815953275
Lebanon,-0.07531702616600186,-0.46151899928160256,1450.6372474987363,,,,,,0.5941196860997177,0.6868226417111447,0.4415674813692534,0.1387960625782715,,,,,0.46544311747309414
Lesotho,0.09897918677119066,-0.2610053646771786,1409.0598425303658,,,,,,0.6333671243717642,0.646959851307275,0.40449261844968215,0.1387960625782715,,,,,0.46550653697538585
Liberia,0.20116131533913767,-0.1952019918378035,1446.5654004526666,,,,,,0.6563761543208084,0.6338779176794765,0.4379365868683258,0.1387960625782715,,,,,0.47363361089246614
Libya,0.35052816886469557,-0.606593992278845,1518.9820133789772,,,,,,0.6900100828201421,0.715664042197954,0.5025109873001246,0.1387960625782715,,,,,0.5123094570400322
Liechtenstein,-1.2586863985296053,0.2356193570659571,1011.9025900711209,,,,,,0.32765252876906914,0.5482291728111109,0.05034471759724603,0.1387960625782715,,,,,0.298408968805158
Lithuania,0.06039128229188978,-0.4141553179578946,1264.3789453666325,,,,,,0.6246780291035572,0.6774065812767138,0.275479650143781,0.1387960625782715,,,,,0.45717573929328303
Luhansk PR,0.05905168839019803,0.8277623608216983,1494.8637871793705,,,,,,0.6243763838292263,0.43050913599466134,0.48100459624724706,0.1387960625782715,,,,,0.4158982967371007
Luxembourg,0.027483438110531833,-0.5424545274163527,1367.8848699762586,,,,,,0.6172679508155143,0.7029128991174649,0.36777660732965334,0.1387960625782715,,,,,0.47018848707124306
Macau,-1.6990890173813284,1.4746790352645127,1115.237165604811,,,,,,0.22848414004189008,0.3018999077346629,0.14248888161320894,0.1387960625782715,,,,,0.2113321328831296
Madagascar,0.5632937546995502,-0.24358162889229984,1493.50070961344,,,,,,0.7379199258152873,0.6434959535578014,0.4797891304445097,0.1387960625782715,,,,,0.5087636942427334
Malawi,0.019803955994775746,-0.3739680757807171,1419.1121207268172,,,,,,0.6155387107177502,0.6694172212764387,0.41345630525135596,0.1387960625782715,,,,,0.4657773033689393
Malaysia,0.12832528144563876,-0.07125298006786052,1508.746077318882,,,,,,0.6399751798185919,0.6092364338886133,0.49338353149642017,0.1387960625782715,,,,,0.467277593331784
Maldives,-0.7272033480561296,0.764523114710933,1198.3020170138302,,,,,,0.44733010445806837,0.4430813125351017,0.21655839080375905,0.1387960625782715,,,,,0.3306305225479567
Mali,0.6207664658572976,-1.2432586700526673,1636.347146766091,,,,,,0.7508614386885686,0.8422351387606071,0.6071662979231575,0.1387960625782715,,,,,0.5757157367969479
Malta,-0.032667972775631826,-0.2543569580589249,1300.6149013408508,,,,,,0.6037232572966601,0.6456381255300431,0.3077915056221537,0.1387960625782715,,,,,0.4451306407720386
Mapuche,-0.09806076323169802,0.9162551399903589,1500.414300586377,,,,,,0.5889983274567548,0.4129164714598257,0.48595402788817216,0.1387960625782715,,,,,0.39961275403711927
Marshall Islands,-1.5643761992499499,2.6907417014398556,1458.8471743744124,,,,,,0.25881832186355674,0.06014252662014655,0.44888833060760647,0.1387960625782715,,,,,0.1921496961415236
Martinique,-0.18285950659888697,-0.05835215581627662,1491.7822674878578,,,,,,0.5699036300461453,0.6066717062869587,0.478256783577512,0.1387960625782715,,,,,0.4405986942191232
Matabeleland,-1.212379936736976,1.1565935122533677,1500.2692518568686,,,,,,0.3380796629573375,0.36513638818305416,0.4858246869211908,0.1387960625782715,,,,,0.29983326654643216
Maule Sur,-1.0529022840172437,-2.0368309568763827,1523.1581451329473,,,,,,0.37399030740228617,1.0,0.5062348732047475,0.1387960625782715,,,,,0.4731589136847564
Mauritania,-0.15868517251597908,-0.49571259781214094,1422.026866454899,,,,,,0.5753471257406194,0.6936204450329285,0.4160554044110136,0.1387960625782715,,,,,0.4580209644820318
Mauritius,-0.22307997407830965,-0.1304557283066976,1283.0075106943666,,,,,,0.5608469197018974,0.6210061409663071,0.2920908721870861,0.1387960625782715,,,,,0.42239586312943095
Mayotte,-0.6374422899767783,-1.5316703719942852,1456.558690846863,,,,,,0.46754219929843305,0.8995723629708373,0.4468476738340024,0.1387960625782715,,,,,0.4748564466540426
Menorca,-0.8485006930535239,0.9989621130089278,1528.2857407752058,,,,,,0.4200167740068562,0.39647404480449155,0.5108071861157707,0.1387960625782715,,,,,0.3388439194885811
Mexico,1.2300171142452343,-1.5952283998364272,1968.6462700579114,193550000.0,9550000.0,38000000.0,76000000.0,70000000.0,0.8880504619717448,0.9122079144003097,0.9034797511968813,0.11268501275054993,120666666.66666666,72883333.33333333,0.11218391753144492,0.10933713395039979,0.6630231192350412
Moldova,0.12399480117932293,-0.08879220017786382,1284.2946835163818,,,,,,0.6390000567560972,0.612723290313473,0.29323865319858305,0.1387960625782715,,,,,0.447793526536342
Monaco,-0.8099190130716253,0.1987231533145578,1489.2537312081415,,,,,,0.428704467663557,0.5555642632140259,0.4760020700851967,0.1387960625782715,,,,,0.37817665526775257
Mongolia,-1.3494491123121528,0.7178603840252782,1183.148192501338,,,,,,0.3072148844476311,0.45235802160610383,0.20304561945751237,0.1387960625782715,,,,,0.28255809567742957
Montenegro,0.3953978076774087,-0.44969122074508927,1444.5692456626127,,,,,,0.7001136780154408,0.6844712392358239,0.4361566016753155,0.1387960625782715,,,,,0.5014120760553733
Montserrat,-0.5396404181772256,0.5473512546112207,1340.8888100904098,,,,,,0.4895648976787286,0.48625581464740003,0.3437040318430931,0.1387960625782715,,,,,0.36892088980719584
Morocco,1.093350201187747,-1.743434964491353,1900.0539345173736,487200000.0,5000000.0,167200000.0,192000000.0,123000000.0,0.8572762635903505,0.9416718819503074,0.8423154856677251,0.3032294904322209,251000000.0,236200000.0,0.24662856828481636,0.3708697648101293,0.7106650584406382
Mozambique,0.49234145713927385,-0.16665713750660327,1490.9042988536887,,,,,,0.721943124760176,0.6282031038566738,0.4774738928034422,0.1387960625782715,,,,,0.4991170776840557
Myanmar,-0.42556189668739286,0.6166939595420384,1271.8676753652578,,,,,,0.5152527175968352,0.4724702497996639,0.2821574030807892,0.1387960625782715,,,,,0.3683105726903687
Namibia,0.08476488023723705,-0.2845127589411691,1429.7341320745484,,,,,,0.6301663943681106,0.651633200989132,0.42292802709034155,0.1387960625782715,,,,,0.4673981597586373
Nepal,-0.8487321446453493,0.3596528671980821,1225.947829249322,,,,,,0.41996465651153,0.5235708904593529,0.24121035500669075,0.1387960625782715,,,,,0.34364020666802425
Netherlands,1.4662881483061754,-1.2147792633545178,1898.784035560229,814200000.0,74000000.0,282000000.0,257200000.0,201000000.0,0.9412531831813038,0.8365733361491559,0.8411831078823954,0.515414214429859,372466666.6666666,441733333.3333333,0.3719268566084188,0.7000074731234452,0.7773245232679424
New Caledonia,-0.5160966341040572,0.45593495473350976,1560.8451025275065,,,,,,0.494866408230969,0.5044296850114361,0.5398405968020219,0.1387960625782715,,,,,0.39493354258738184
New Zealand,0.33751912811511225,-0.7422575280385244,1701.1750058208145,34600000.0,2150000.0,11600000.0,11750000.0,9100000.0,0.6870807505346391,0.7426344130762476,0.6649737534305797,0.009545068165153688,16933333.333333332,17666666.666666668,0.005178354067380497,0.020914069756269416,0.49549776174878973
Nicaragua,-0.028021139817557494,-0.13945275323388984,1508.3539549398397,,,,,,0.6047696156002008,0.6227947800263821,0.4930338732274216,0.1387960625782715,,,,,0.4583102665628894
Niger,0.5969395588201154,-0.3643248851031521,1482.730885716081,,,,,,0.7454961754542344,0.6675001222743548,0.47018560312080443,0.1387960625782715,,,,,0.5164560710631326
Nigeria,1.0035334907769922,-0.9297600195755247,1741.70581556771,,,,,,0.8370516371441371,0.7799105441238361,0.7011153600683321,0.1387960625782715,,,,,0.5996960638117216
North Korea,0.4922535253862416,-0.3113151395938255,1470.102658019421,,,,,,0.7219233245821278,0.6569616051367569,0.45892492412636077,0.1387960625782715,,,,,0.5044448760740515
North Macedonia,0.5923853265694614,-0.644191144032177,1565.6981559625958,,,,,,0.744470668668275,0.7231384834402279,0.5441680985059923,0.1387960625782715,,,,,0.5374049835180339
Northern Cyprus,0.12172912688865906,-0.1445243156880036,1632.0569016710708,,,,,,0.6384898797971782,0.623803023837469,0.6033406563538907,0.1387960625782715,,,,,0.48139509829725013
Northern Ireland,0.5839278315662204,-0.9550772105386849,1528.2305575434837,,,,,,0.7425662382306759,0.7849436875256312,0.5107579788419374,0.1387960625782715,,,,,0.5488487219198196
Northern Mariana Islands,-1.6037026958620397,2.468048681819085,1259.3704123693594,,,,,,0.24996291288920894,0.10441465396480615,0.2710135062263501,0.1387960625782715,,,,,0.18233085239854113
Norway,1.5326923426644814,-1.12643578430013,1877.97207858696,592000000.0,5400000.0,94000000.0,130600000.0,362000000.0,0.956205857569139,0.8190103529832419,0.8226249402319863,0.37123242338314594,449066666.6666666,142933333.3333333,0.4509431756445435,0.2215140548100225,0.7330568594331515
Oman,0.30174562536553423,-0.7015969468173939,1587.9210105525317,,,,,,0.6790253928347855,0.7345509516691714,0.563984373432968,0.1387960625782715,,,,,0.519333881526246
Orkney,-0.7353184976863338,0.7942155628901366,1450.0157178085733,,,,,,0.4455027622065495,0.4371783531643815,0.4410132589958088,0.1387960625782715,,,,,0.35096069973645005
Padania,-0.01892609947182533,-0.12418819207555165,1627.3692827738241,,,,,,0.6068176063656658,0.619760133513379,0.5991606737848288,0.1387960625782715,,,,,0.46888108175829213
Pakistan,-1.0667562613330324,0.5572456061182447,1194.9558036174387,,,,,,0.37087071512680925,0.48428878402085535,0.2135745489053716,0.1387960625782715,,,,,0.31387321996361567
Palestine,0.39420254691620477,-0.5890123113225295,1560.814493239943,,,,,,0.6998445331949434,0.7121687444128832,0.5398133022861341,0.1387960625782715,,,,,0.5186079217235459
Panama,0.6936879118771606,-0.6491739723329029,1760.5852400449373,34530000.0,1050000.0,19750000.0,5450000.0,8279999.999999999,0.7672816460077274,0.7241290866007669,0.7179502749704545,0.009499646358793338,11913333.333333332,22616666.666666668,0.0,0.028840918553630336,0.5242257691575798
Panjab,0.12074094073271041,0.41093275120818346,1523.0765599125427,,,,,,0.6382673633437034,0.5133762756529225,0.5061621230928762,0.1387960625782715,,,,,0.4439926771662959
Papua New Guinea,-0.8951779780505,1.073043321672368,1489.5423894628827,,,,,,0.4095061390897012,0.38174644934874147,0.4762594686706369,0.1387960625782715,,,,,0.3280285266591259
Paraguay,0.873797301643612,-1.4752149691463774,1830.8696949922853,153650000.0,6600000.0,29000000.0,86500000.0,31550000.0,0.807838075995234,0.8883488374717762,0.7806234152141044,0.08679458312515005,89216666.66666666,64433333.33333333,0.0797418387626966,0.09580544256904631,0.6089312524252314
Parishes of Jersey,-0.06651691338003946,0.31887533535409407,1504.002600213896,,,,,,0.5961012660636986,0.5316776020467759,0.48915373977268767,0.1387960625782715,,,,,0.4321090363847387
Peru,0.4074115536262563,-1.1186594421059046,1661.8544490782776,,,,,,0.7028188931466115,0.8174643897892242,0.6299113378647265,0.1387960625782715,,,,,0.5549826626085742
Philippines,-0.036172892451918626,0.19177121629750407,1380.6941217342826,,,,,,0.6029340312066296,0.5569463318636637,0.37919870674620637,0.1387960625782715,,,,,0.4298221833363384
Poland,1.0391511829848277,-0.8210124397959966,1683.8333980138561,,,,,,0.8450719099473305,0.7582911565533522,0.6495101204131498,0.1387960625782715,,,,,0.5919377884347001
Portugal,1.5563389842317639,-1.261603782714361,1958.5567313937602,1005500000.0,50500000.0,325000000.0,417000000.0,213000000.0,0.9615305292278833,0.8458822093571335,0.8944828389754551,0.6395455223832173,491000000.0,514500000.0,0.49419928066954133,0.8165348194173099,0.8293181781815533
Puerto Rico,-0.15643945223113112,0.16418944746038522,1450.8242461010611,,,,,,0.5758528095232477,0.5624296810248872,0.44173422933134043,0.1387960625782715,,,,,0.427968145295974
Qatar,0.7037733911082573,-0.35800267280236586,1634.4253865010428,19940000.0,1500000.0,2330000.0,2330000.0,13780000.0,0.7695526604887426,0.6662432450334022,0.6054526508486191,3.244414740025047e-05,15333333.333333334,4606666.666666667,0.003527882651482332,0.0,0.49645924075849246
Raetia,-1.0136516579147985,1.6263065098216922,1450.1349788164525,,,,,,0.38282863210903134,0.2717558516974503,0.4411196048709815,0.1387960625782715,,,,,0.28767976342310314
Republic of Ireland,0.6995642957722232,-0.9663677220250206,1663.0476393544945,,,,,,0.7686048704788605,0.7871882794897647,0.6309753139825569,0.1387960625782715,,,,,0.5705451247117794
Romani people,-0.06126442724604503,1.0627993589036904,1478.1489262930495,,,,,,0.5972840033237045,0.38378298387946524,0.4660998378441797,0.1387960625782715,,,,,0.39324394969106224
Romania,0.8134547763486555,-0.8970076908692679,1590.2522267051277,,,,,,0.7942503479730157,0.7733992701297665,0.5660631351873184,0.1387960625782715,,,,,0.5695825716152103
Russia,0.9796481697368498,-1.0900183278646378,1758.553800100935,,,,,,0.8316732204399898,0.8117704391699293,0.7161388257587847,0.1387960625782715,,,,,0.6072809382958386
Rwanda,-0.052054862820903214,-0.7558990213170815,1438.7459521616406,,,,,,0.5993577822383298,0.7453463881917141,0.4309639301160103,0.1387960625782715,,,,,0.4808470326164265
Ryūkyū,-0.5378628514552773,2.100209559171748,1494.9157109328712,,,,,,0.4899651642078657,0.17754231871120432,0.48105089702154435,0.1387960625782715,,,,,0.30561729562618994
Réunion,0.16198506708054589,-0.5971603205479922,1565.6967052061632,,,,,,0.6475545777681755,0.7137885962728537,0.5441668048563306,0.1387960625782715,,,,,0.5011467505461894
Saare County,-0.5503230389832601,1.398192555914623,1397.4088756688095,,,,,,0.48715942085508934,0.31710567915798576,0.39410336977961063,0.1387960625782715,,,,,0.33083137284022024
Saint Barthélemy,0.13050533720768548,0.8519534785769349,1479.7544389897694,,,,,,0.6404660774835996,0.42569985976456975,0.4675314847493149,0.1387960625782715,,,,,0.41898005930881527
Saint Helena,-1.7359369574393597,2.0301460867398884,1424.3229369897642,,,,,,0.2201868441425191,0.19147117458192076,0.4181028265721262,0.1387960625782715,,,,,0.20838229052605595
Saint Kitts and Nevis,-0.41695500561851034,0.8282104774445294,1371.8871556762201,,,,,,0.5171907885408202,0.4304200488906963,0.37134547349154856,0.1387960625782715,,,,,0.36739515433459746
Saint Lucia,-0.4882065572788705,0.7219875721497777,1339.8453307731506,,,,,,0.5011466024483477,0.4515375226136596,0.34277355403486476,0.1387960625782715,,,,,0.36420186568730456
Saint Martin,-0.1618136315918511,0.584533402485838,1354.8328086422187,,,,,,0.5746426697894671,0.4788638775832916,0.35613799291527387,0.1387960625782715,,,,,0.3980935218871452
Saint Vincent and the Grenadines,-0.09179942647478342,0.6680415402571057,1368.351542452051,,,,,,0.5904082343257931,0.4622621766587596,0.3681927424415369,0.1387960625782715,,,,,0.40066651919635266
Samoa,-1.8633856562041462,1.649889846081745,1369.7702238425775,,,,,,0.19148837242399644,0.2670674044892936,0.3694577905637159,0.1387960625782715,,,,,0.21237237930057518
San Marino,-0.759593579113781,0.5279353255201678,955.4437781774706,,,,,,0.440036580561995,0.49011576718070266,0.0,0.1387960625782715,,,,,0.31818056376535536
Saudi Arabia,0.5759605568502344,-0.9184569711455475,1682.8829402473802,37010000.0,1180000.0,20400000.0,7950000.0,7480000.0,0.7407721939577532,0.7776634597728,0.6486625905726092,0.011108876069845761,12780000.0,24230000.0,0.0008940053502781746,0.031424484087585004,0.5218850547066283
Scotland,1.0636113525569526,-1.0007062033624743,1736.3595424573546,170230000.0,1830000.0,53200000.0,76900000.0,38300000.0,0.8505797691212513,0.7940148860047906,0.6963480509289616,0.09755306240307311,89566666.66666666,80663333.33333333,0.08010287938492433,0.12179589832281756,0.5951073645074536
Senegal,1.1813306069706946,-0.9122577091198929,1735.8008902501974,480400000.0,12400000.0,88500000.0,157500000.0,222000000.0,0.8770873971022424,0.7764310254634083,0.6958498968470552,0.29881708638578686,327000000.0,153400000.0,0.3250259605399793,0.23827520310881936,0.6603184609520784
Serbia,0.9279039496480073,-0.9147070880475017,1665.9601667105253,,,,,,0.8200216300258948,0.7769179702988732,0.6335724350043351,0.1387960625782715,,,,,0.5862331253576963
Seychelles,-1.2276184784901996,0.8732482617874024,1091.6680193976415,,,,,,0.33464829909270116,0.4214663846620443,0.12147210903139695,0.1387960625782715,,,,,0.2762795305245776
Shetland,-0.21750286006421643,0.8135865648215475,1495.1776482100377,,,,,,0.5621027555821823,0.43332733230274195,0.4812844683243195,0.1387960625782715,,,,,0.3948350631353627
Sierra Leone,0.3122098841528809,-0.33254699506293606,1455.8126003653522,,,,,,0.6813816996293978,0.6611825699909432,0.44618237973138447,0.1387960625782715,,,,,0.49003629411464494
Singapore,-0.1555422646764994,0.40373825120099033,1377.261924124566,,,,,,0.5760548352160351,0.5148065666474135,0.37613819212318145,0.1387960625782715,,,,,0.40957347197326527
Sint Maarten,-0.3750283037816166,0.8973434146358865,1401.1767044988064,,,,,,0.5266317030309529,0.41667618658078553,0.3974631691101079,0.1387960625782715,,,,,0.36987527839052214
Slovakia,0.7784621362722666,-0.7756781826471804,1613.9135976737532,,,,,,0.7863708223182104,0.7492785525256832,0.5871621452342001,0.1387960625782715,,,,,0.5629044592396959
Slovenia,0.5608593835082409,-1.1437792760440344,1633.6986631462134,,,,,,0.7373717622525104,0.8224582979453011,0.6048046265483713,0.1387960625782715,,,,,0.5658139727030225
Solomon Islands,-0.7739696788674004,1.1684418754430888,1446.8144295953093,,,,,,0.43679941850227616,0.36278089340888303,0.43815864789723036,0.1387960625782715,,,,,0.3290297033912219
Somalia,-0.8793005740391964,-0.07802312034894321,1158.2539445016673,,,,,,0.41308135982085115,0.6105823607307554,0.1808472443358394,0.1387960625782715,,,,,0.35694760932705216
Somaliland,-0.1717098404516755,1.2478883548962458,1494.3741177858947,,,,,,0.5724142745776147,0.3469866639291055,0.4805679546229601,0.1387960625782715,,,,,0.37678727632021897
South Africa,0.5510573470409457,-0.8411387710629559,1562.53978060757,44800000.0,2650000.0,17800000.0,6400000.0,17950000.0,0.7351645724650355,0.7622923394478542,0.541351753103358,0.016163674234804783,22216666.666666664,22583333.333333332,0.010628348221960897,0.02878753910044945,0.5068649628055032
South Korea,1.0498465059151545,-0.9164941851189214,1818.8378406422198,137550000.0,2150000.0,33299999.999999996,56800000.0,45300000.0,0.8474802469928341,0.777273251255851,0.7698945265055311,0.0763475676622694,83166666.66666666,54383333.33333333,0.07350099372133166,0.07971153743501051,0.5908301222106886
South Ossetia,-0.2267706366836557,0.43955320773366935,1488.017224378754,,,,,,0.5600158686403436,0.5076864318575652,0.47489946829382634,0.1387960625782715,,,,,0.41205592759137566
South Sudan,-0.3877296899100622,-0.03448197571258804,1316.380304586356,,,,,,0.5237716473840455,0.6019262335501387,0.3218496260037293,0.1387960625782715,,,,,0.40762541634580496
Spain,1.7271802764149926,-1.6562455225692798,2076.8883822631788,1217000000.0,95000000.0,279000000.0,420000000.0,423000000.0,1.0,0.9243383252790779,1.0,0.7767842658862768,703000000.0,514000000.0,0.7128867432760483,0.8157341276195966,0.9141198610856525
Sri Lanka,-0.9726873617322207,0.4223302016383787,1176.1297062461576,,,,,,0.3920528353128204,0.5111104238641717,0.19678718615674107,0.1387960625782715,,,,,0.32631363571468563
Sudan,0.002425755780769978,-0.6016592311435857,1450.8931667549714,,,,,,0.6116255457172907,0.7146829949528821,0.4417956863606571,0.1387960625782715,,,,,0.4785580771488194
Suriname,0.2838694005113455,-0.45218104767218603,1567.232720214228,,,,,,0.67500008431156,0.6849662252707265,0.5455364801862299,0.1387960625782715,,,,,0.5036840526188321
Surrey,-0.3427463443301866,0.4310764460150269,1504.6371308003627,,,,,,0.5339008466888663,0.5093716408278203,0.4897195551363312,0.1387960625782715,,,,,0.40481898083517287
Sweden,1.0753199368627568,-0.7657006356732432,1647.7199681059244,402980000.0,14680000.0,94800000.0,105300000.0,188200000.0,0.8532162689742957,0.7472949823582407,0.6173075222853767,0.24858056855123903,258400000.0,144580000.0,0.2542619985833454,0.2241509997971581,0.621754362524473
Switzerland,1.361195356066832,-1.232260659593446,1930.2955679891643,332600000.0,48500000.0,54800000.0,136500000.0,92800000.0,0.9175887397218412,0.840048696992393,0.869282161829537,0.20291218667064648,183800000.0,148800000.0,0.1773087688170934,0.2309088385698577,0.6789701053348902
Syria,0.4260133440339167,-0.5792471944929618,1565.0233531971278,,,,,,0.707007582094416,0.710227406078389,0.5435663721585565,0.1387960625782715,,,,,0.5210049612419799
Székely Land,0.019578980731078277,0.7970479414285565,1473.0866199913658,,,,,,0.6154880515403308,0.43661526670772133,0.4615857438949641,0.1387960625782715,,,,,0.41237202787902394
Sápmi,-0.31012507930023764,0.8608514673264767,1470.135080304193,,,,,,0.5412463940420973,0.4239309094323955,0.45895383530454464,0.1387960625782715,,,,,0.38295316757676884
São Tomé and Príncipe,-0.26219854613073335,0.5242863074740873,1245.1938508464555,,,,,,0.5520383304844636,0.4908412043403143,0.25837216712564454,0.1387960625782715,,,,,0.38339975224068673
Tahiti,-0.9421313219170395,0.7560529489201793,1512.2809131585664,,,,,,0.3989333421596139,0.44476521021252874,0.4965355693472476,0.1387960625782715,,,,,0.3421103480172033
Taiwan,-0.2811161033774003,0.6501504036586643,1174.0719748738634,,,,,,0.5477785382159762,0.465818995274699,0.19495229269450726,0.1387960625782715,,,,,0.36931128523719864
Tajikistan,0.07803844151450179,-0.4384733642250773,1466.9843256263057,,,,,,0.6286517573940049,0.6822410913253333,0.4561442853130352,0.1387960625782715,,,,,0.47784163522402
Tamil Eelam,-0.9574305062931485,0.6431475293838322,1499.004262761793,,,,,,0.3954883229919836,0.4672111904238867,0.4846966872942213,0.1387960625782715,,,,,0.3453321981560695
Tanzania,-0.11738871530056327,-0.6918824094246285,1410.5156735358562,,,,,,0.5846461238548257,0.7326196686982037,0.4057907931434534,0.1387960625782715,,,,,0.46999895861156676
Thailand,0.3530598686372422,-0.2999942844915371,1557.6826737517251,,,,,,0.6905801625073134,0.6547109807588917,0.5370206369357389,0.1387960625782715,,,,,0.5007216845343379
Tibet,-0.6700965423668059,1.960928311532551,1385.291609533564,,,,,,0.4601892239617902,0.20523190297705293,0.38329831878458226,0.1387960625782715,,,,,0.29234285478282945
Ticino,-1.838205974021267,2.7844610426530947,1480.0316499825542,,,,,,0.19715824904110005,0.04151080383011107,0.46777867573117426,0.1387960625782715,,,,,0.16779977446851166
Timor-Leste,-0.9739243278060195,1.0911349774281724,1060.7047514776161,,,,,,0.39177429942952197,0.3781497668444551,0.09386194638295377,0.1387960625782715,,,,,0.2826834599232233
Togo,0.16977010933461428,-0.5423437268890813,1459.749989867581,,,,,,0.6493075875448246,0.7028908715969725,0.449693377499695,0.1387960625782715,,,,,0.48958853006338277
Tonga,-1.7693629046682002,2.609797017992612,1245.56795794781,,,,,,0.21266010114310957,0.07623460413363176,0.25870576104547943,0.1387960625782715,,,,,0.16099908131152568
Trinidad and Tobago,0.1643545668767526,-0.03495896497215978,1533.2560255410208,,,,,,0.6480881338071742,0.6020210606321809,0.5152392238175948,0.1387960625782715,,,,,0.4704988531457971
Tunisia,0.6107832461633824,-0.7841623334559067,1684.4210638759141,69650000.0,2150000.0,19100000.0,28000000.0,20400000.0,0.7486134506681151,0.7509652304720996,0.6500341461741344,0.03228841549272927,39066666.666666664,30583333.333333332,0.02800987532063846,0.04159860786386104,0.5244459546170974
Turkey,1.3352501938254069,-0.8434403790506122,1903.81456869742,475700000.0,20500000.0,101200000.0,196000000.0,158000000.0,0.9117464948654054,0.7627499069194371,0.8456688694785219,0.29576733653016335,288666666.6666666,187033333.3333333,0.28548341620075235,0.2921350713683289,0.6830958378396523
Turkmenistan,-0.01759232755196366,0.021101820879841027,1425.1060394416427,,,,,,0.6071179406656005,0.5908759863298609,0.4188011245076867,0.1387960625782715,,,,,0.44372920703967556
Turks and Caicos Islands,-1.57376228715568,1.625536949936417,1229.0917740961756,,,,,,0.2567047939819791,0.27190884281184746,0.24401383262422036,0.1387960625782715,,,,,0.22386409063255802
Tuvalu,-1.528759047328491,2.229906083431648,1354.9834716457724,,,,,,0.2668384730068709,0.15175820995030953,0.35627234016970344,0.1387960625782715,,,,,0.20859907083043402
Two Sicilies,-1.4676041577852923,1.4886502270046604,1455.702263923217,,,,,,0.2806091264934468,0.29912238744718467,0.4460839919539293,0.1387960625782715,,,,,0.25924100910337694
Uganda,0.4291764701230703,-0.5432434946348538,1532.1705063582797,,,,,,0.7077198442476705,0.7030697484755083,0.5142712587671712,0.1387960625782715,,,,,0.5165353272557603
Ukraine,1.041348942950967,-0.7590929128106578,1687.6214503272847,,,,,,0.8455667941858017,0.7459813446495744,0.652887953165323,0.1387960625782715,,,,,0.589371328217438
United Arab Emirates,0.6929941468946761,-0.6962983625361079,1635.175026820633,,,,,,0.767125426329362,0.7334975751491216,0.6061211103666899,0.1387960625782715,,,,,0.5541192228127075
United Koreans in Japan,-1.0551386209657674,0.0024889307449483256,1493.991496080965,,,,,,0.3734867365279476,0.5945762919959632,0.4802267681715422,0.1387960625782715,,,,,0.3690259263744082
United States,1.0678928540125026,-0.9326494593243346,1784.5288871313185,385650000.0,7000000.0,95150000.0,142500000.0,141000000.0,0.851543863298954,0.7804849745425887,0.7393009926065717,0.23733542706231223,236000000.0,149650000.0,0.23115539876077107,0.2322700146259702,0.6382923231696319
United States Virgin Islands,-1.5042394011378564,1.3124533523944946,1169.5072658088525,,,,,,0.2723597249268202,0.3341509235178533,0.19088190968282706,0.1387960625782715,,,,,0.23959064434561458
Uruguay,0.9908151481896721,-1.5427362539290894,1832.0682412112933,398300000.0,4500000.0,117000000.0,223500000.0,53300000.0,0.8341877632985335,0.9017722978185163,0.781692167263596,0.2455437963545756,202300000.0,196000000.0,0.19639234456341595,0.3064941442739861,0.669241147241848
Uzbekistan,0.6860571575808647,-1.1903234910086102,1780.883616732438,85330000.0,2500000.0,55380000.0,7850000.0,19600000.0,0.7655633782773726,0.8317114456891235,0.7360504794866192,0.04246290011744781,24833333.333333332,60496666.666666664,0.013327556683377692,0.0895013291483842,0.5622189618032576
Vanuatu,-0.8098372624283389,1.1700372709953457,1473.529032152174,,,,,,0.4287228759999862,0.3624637233638816,0.4619802459142315,0.1387960625782715,,,,,0.3285057808058702
Vatican City,-1.178492132650467,0.9791487270476291,1477.9021641805148,,,,,,0.34571040533921443,0.40041301311118244,0.4658797983418844,0.1387960625782715,,,,,0.30932869375419053
Venezuela,0.9792326618449183,-0.7626977865782611,1690.5605428399442,,,,,,0.8315796577626068,0.746698005776953,0.6555087625231385,0.1387960625782715,,,,,0.5849170766869458
Vietnam,0.25722672458372725,-0.24194564311594635,1510.3164698314454,,,,,,0.6690007756561956,0.6431707140386279,0.49478386148761366,0.1387960625782715,,,,,0.4860601549115683
Wales,0.8720526898119354,-0.8399498160778947,1657.9817031399114,,,,,,0.8074452301380662,0.7620559711656543,0.6264579832146111,0.1387960625782715,,,,,0.5774044404346793
West Papua,-1.5087656252656847,0.8305752800142545,1498.9944415693428,,,,,,0.2713405249162818,0.4299499181219361,0.4846879296681965,0.1387960625782715,,,,,0.2925642749914838
Western Armenia,-0.08098996071900486,0.236439443729374,1486.7094220049473,,,,,,0.5928422736709658,0.5480661368019074,0.4737332917666559,0.1387960625782715,,,,,0.4335234779354619
Western Isles,-0.42448184256850574,1.021839711372035,1464.5954346079166,,,,,,0.5154959205709397,0.39192590068306266,0.4540140944773169,0.1387960625782715,,,,,0.36544527559180773
Yemen,0.24004523819802398,0.13419505010722063,1350.3669533874067,,,,,,0.6651319060176573,0.5683926689151542,0.3521557585378096,0.1387960625782715,,,,,0.45174872896223095
Ynys Môn,-0.3953556878591758,-0.19292938793935177,1614.9549775908945,,,,,,0.5220544506720409,0.6334261163191665,0.5880907509926542,0.1387960625782715,,,,,0.4415234806877528
Yorkshire,0.005376404465124829,0.23809892641005184,1526.2183677016874,,,,,,0.612289962919192,0.5477362260184876,0.5089636950810942,0.1387960625782715,,,,,0.44377073180793003
Yoruba Nation,-1.4700035650777556,1.2715893075674922,1487.6113209256835,,,,,,0.28006883598447063,0.3422748341796233,0.4745375213446933,0.1387960625782715,,,,,0.2726853720474213
Zambia,0.4085352799094368,-0.46512776125405486,1497.6933970545022,,,,,,0.7030719300726043,0.6875400758268302,0.48352777917114953,0.1387960625782715,,,,,0.5079517911727154
Zanzibar,0.2592202228566582,-1.2255842608978391,1525.0263681249398,,,,,,0.6694496649297708,0.8387214062952756,0.5079007807183118,0.1387960625782715,,,,,0.5364166311445513
Zimbabwe,0.24717432272654266,-0.5399632603147545,1416.018983679225,,,,,,0.6667372094276062,0.7024176267709884,0.4106981333039203,0.1387960625782715,,,,,0.49167106209628275
Åland Islands,-1.5230574274372677,1.1668172494140636,1488.7901353433406,,,,,,0.26812234470414126,0.3631038745717724,0.47558867840886065,0.1387960625782715,,,,,0.27381647590376007
